-- phpMyAdmin SQL Dump
-- version 4.9.7
-- https://www.phpmyadmin.net/
--
-- Hôte : localhost:3306
-- Généré le : Dim 19 fév. 2023 à 12:37
-- Version du serveur :  10.3.37-MariaDB-cll-lve
-- Version de PHP : 7.4.33

SET SQL_MODE = "NO_AUTO_VALUE_ON_ZERO";
SET AUTOCOMMIT = 0;
START TRANSACTION;
SET time_zone = "+00:00";


/*!40101 SET @OLD_CHARACTER_SET_CLIENT=@@CHARACTER_SET_CLIENT */;
/*!40101 SET @OLD_CHARACTER_SET_RESULTS=@@CHARACTER_SET_RESULTS */;
/*!40101 SET @OLD_COLLATION_CONNECTION=@@COLLATION_CONNECTION */;
/*!40101 SET NAMES utf8mb4 */;

--
-- Base de données : `mowadaba__sms`
--

-- --------------------------------------------------------

--
-- Structure de la table `absence`
--

CREATE TABLE `absence` (
  `id` int(11) NOT NULL,
  `idclasse` int(11) NOT NULL,
  `rollno` varchar(50) CHARACTER SET latin1 COLLATE latin1_swedish_ci NOT NULL,
  `justifiee` varchar(50) CHARACTER SET latin1 COLLATE latin1_swedish_ci NOT NULL,
  `comm_abs` date DEFAULT NULL,
  `idMatiere` int(11) NOT NULL,
  `Seance` int(11) NOT NULL,
  `Etat_Sms` int(11) DEFAULT NULL,
  `idTeacher` int(11) NOT NULL
) ENGINE=MyISAM DEFAULT CHARSET=utf8 COLLATE=utf8_general_ci;

--
-- Déchargement des données de la table `absence`
--

INSERT INTO `absence` (`id`, `idclasse`, `rollno`, `justifiee`, `comm_abs`, `idMatiere`, `Seance`, `Etat_Sms`, `idTeacher`) VALUES
(119, 70, 'R130550105', 'Non', '2022-11-14', 9, 1, 0, 44),
(122, 70, 'R132513312', 'Non', '2022-11-14', 9, 1, 0, 44),
(121, 70, 'R131885625', 'Non', '2022-11-14', 9, 1, 0, 44),
(120, 70, 'R131341624', 'Non', '2022-11-14', 9, 1, 0, 44),
(118, 70, 'R130093602', 'Non', '2022-11-14', 9, 1, 0, 44),
(117, 47, 'R130105084', 'Non', '2022-11-14', 9, 1, 0, 39),
(116, 67, 'R130184058', 'Non', '2022-11-14', 9, 1, 0, 48),
(115, 70, 'R134748457', 'Non', '2022-11-11', 2, 2, 0, 45),
(114, 70, 'R133564108', 'Non', '2022-11-11', 2, 2, 0, 45),
(113, 70, 'R132513312', 'Non', '2022-11-11', 2, 2, 0, 45),
(112, 70, 'R131341624', 'Non', '2022-11-11', 2, 2, 0, 45),
(111, 70, 'R130550105', 'Non', '2022-11-11', 2, 2, 0, 45),
(110, 70, 'R130134255', 'Non', '2022-11-11', 2, 2, 0, 45),
(109, 70, 'R134748457', 'Non', '2022-11-09', 2, 2, 0, 45),
(108, 70, 'R134748457', 'Non', '2022-11-09', 2, 2, 0, 45),
(107, 70, 'R136439546', 'Non', '2022-11-08', 9, 1, 0, 44),
(105, 70, 'R131341624', 'Non', '2022-11-08', 9, 1, 0, 44),
(106, 70, 'R131885625', 'Non', '2022-11-08', 9, 1, 0, 44),
(104, 67, 'R131460185', 'Non', '2022-11-07', 9, 1, 0, 48),
(103, 67, 'R130283027', 'Non', '2022-11-07', 9, 1, 0, 48),
(102, 47, 'R139385042', 'Non', '2022-11-04', 11, 1, 0, 52),
(100, 67, 'R142075488', 'Non', '2022-11-04', 2, 2, 0, 45),
(99, 67, 'R137311000', 'Non', '2022-11-04', 2, 2, 0, 45),
(98, 67, 'R136469246', 'Non', '2022-11-04', 2, 2, 0, 45),
(97, 62, 'R132611149', 'Non', '2022-11-04', 9, 2, 0, 47),
(96, 62, 'R132611149', 'Non', '2022-11-04', 9, 1, 0, 47),
(95, 47, 'R133446603', 'Non', '2022-11-03', 9, 4, 0, 39),
(94, 47, 'R133446603', 'Non', '2022-11-03', 2, 3, 0, 45),
(93, 47, 'R133446603', 'Non', '2022-11-03', 2, 1, 0, 45),
(92, 67, 'R142075488', 'Non', '2022-11-02', 11, 1, 0, 52),
(91, 67, 'R137277512', 'Non', '2022-11-02', 11, 1, 0, 52),
(90, 67, 'R130081479', 'Non', '2022-11-02', 11, 1, 0, 52),
(596, 47, 'R133446603', 'Non', '2023-01-18', 1, 1, 0, 61),
(88, 62, 'R138536043', 'Non', '2022-11-02', 11, 2, 0, 50),
(87, 62, 'R136826371', 'Non', '2022-11-02', 11, 2, 0, 50),
(86, 62, 'R132442035', 'Non', '2022-11-02', 11, 2, 0, 50),
(75, 70, 'R136213779', 'Non', '2022-11-01', 9, 1, 0, 44),
(313, 67, 'R133486303', 'Non', '2022-11-30', 11, 2, 0, 52),
(79, 67, 'R142075488', 'Non', '2022-11-02', 9, 3, 0, 48),
(72, 70, 'R136439546', 'Non', '2022-11-01', 9, 4, 0, 47),
(71, 70, 'R136213779', 'Non', '2022-11-01', 9, 4, 0, 47),
(70, 70, 'R133597191', 'Non', '2022-11-01', 9, 4, 0, 47),
(69, 70, 'R136213779', 'Non', '2022-11-01', 9, 1, 0, 44),
(65, 70, 'F134192817', 'Non', '2022-10-31', 9, 1, 0, 44),
(64, 67, 'R136469246', 'Non', '2022-10-31', 9, 1, 0, 48),
(63, 67, 'R130870929', 'Non', '2022-10-31', 9, 1, 0, 48),
(78, 70, 'R136213779', 'Non', '2022-11-02', 2, 2, 0, 45),
(61, 47, 'R144036542', 'Non', '2022-10-20', 9, 1, 0, 44),
(409, 47, 'R132535273', 'Non', '2022-12-26', 1, 1, 0, 61),
(316, 67, 'R142075488', 'Non', '2022-11-30', 11, 2, 0, 52),
(58, 47, 'R130094423', 'Non', '2022-10-30', 9, 1, 0, 44),
(123, 70, 'R139427210', 'Non', '2022-11-14', 9, 1, 0, 44),
(124, 67, 'R131460185', 'Non', '2022-11-14', 9, 1, 0, 39),
(125, 67, 'R131460185', 'Non', '2022-11-15', 2, 2, 0, 45),
(126, 67, 'R136469246', 'Non', '2022-11-15', 2, 2, 0, 45),
(127, 67, 'R142075488', 'Non', '2022-11-15', 2, 2, 0, 45),
(128, 47, 'R139385042', 'Non', '2022-11-15', 9, 1, 0, 39),
(129, 70, 'R130901100', 'Non', '2022-11-15', 9, 4, 0, 47),
(130, 70, 'R133597191', 'Non', '2022-11-15', 9, 4, 0, 47),
(131, 70, 'R136439546', 'Non', '2022-11-15', 9, 4, 0, 47),
(132, 70, 'R139427210', 'Non', '2022-11-15', 9, 4, 0, 47),
(133, 47, 'R139385042', 'Non', '2022-11-15', 9, 3, 0, 48),
(134, 47, 'R139385042', 'Non', '2022-11-15', 9, 4, 0, 48),
(135, 47, 'R139385042', 'Non', '2022-11-15', 9, 3, 0, 48),
(136, 67, 'R130184058', 'Non', '2022-11-14', 9, 1, 0, 48),
(137, 67, 'R133486303', 'Non', '2022-11-16', 9, 4, 0, 48),
(138, 62, 'K136276273', 'Non', '2022-11-17', 9, 1, 0, 39),
(139, 62, 'R132611149', 'Non', '2022-11-17', 9, 1, 0, 39),
(140, 62, 'R137468655', 'Non', '2022-11-17', 9, 1, 0, 39),
(300, 62, 'R132611149', 'Non', '2022-12-15', 9, 1, 0, 44),
(142, 47, 'R139385042', 'Non', '2022-11-17', 9, 1, 0, 39),
(143, 67, 'R136469246', 'Non', '2022-11-21', 9, 1, 0, 48),
(144, 70, 'R131568864', 'Non', '2022-11-22', 9, 1, 0, 44),
(145, 70, 'R142070065', 'Non', '2022-11-22', 9, 1, 0, 44),
(146, 67, 'R133486303', 'Non', '2022-11-22', 2, 2, 0, 45),
(147, 67, 'BA30226', 'Non', '2022-11-22', 2, 2, 0, 45),
(148, 62, 'N132378545', 'Non', '2022-11-21', 11, 1, 0, 52),
(298, 62, 'N132378545', 'Non', '2022-12-15', 9, 1, 0, 44),
(150, 62, 'N132378545', 'Non', '2022-11-21', 11, 2, 0, 52),
(297, 62, 'F131216404', 'Non', '2022-12-15', 9, 1, 0, 44),
(152, 67, 'R140121662', 'Non', '2022-11-16', 11, 2, 0, 52),
(153, 70, 'R131885625', 'Non', '2022-11-22', 9, 4, 0, 47),
(154, 70, 'R138302912', 'Non', '2022-11-22', 9, 4, 0, 47),
(155, 67, 'BA30226', 'Non', '2022-11-23', 9, 1, 0, 48),
(156, 67, 'BA30226', 'Non', '2022-11-23', 9, 3, 0, 48),
(157, 67, 'BA30226', 'Non', '2022-11-23', 9, 1, 0, 48),
(158, 47, 'R133420066', 'Non', '2022-11-22', 9, 4, 0, 48),
(159, 47, 'R139385042', 'Non', '2022-11-22', 9, 4, 0, 48),
(160, 47, 'R139385042', 'Non', '2022-11-22', 9, 3, 0, 48),
(161, 67, 'BA30226', 'Non', '2022-11-23', 9, 4, 0, 48),
(162, 70, 'R130901100', 'Non', '2022-11-24', 9, 1, 0, 47),
(163, 70, 'R136439546', 'Non', '2022-11-24', 9, 1, 0, 47),
(164, 70, 'R130901100', 'Non', '2022-11-24', 9, 1, 0, 44),
(165, 70, 'R136213779', 'Non', '2022-11-24', 9, 1, 0, 44),
(166, 70, 'R136439546', 'Non', '2022-11-24', 9, 1, 0, 44),
(167, 47, 'R139385042', 'Non', '2022-11-24', 2, 3, 0, 45),
(312, 67, 'R130283027', 'Non', '2022-11-30', 11, 2, 0, 52),
(169, 62, 'R132611149', 'Non', '2022-11-24', 2, 4, 0, 45),
(305, 67, 'R130283027', 'Non', '2022-11-30', 11, 1, 0, 52),
(387, 70, 'R136213779', 'Non', '2022-12-23', 9, 3, 0, 47),
(172, 70, 'R130093602', 'Non', '2022-11-25', 9, 1, 0, 47),
(173, 70, 'R131568864', 'Non', '2022-11-25', 9, 1, 0, 47),
(174, 70, 'R130093602', 'Non', '2022-11-25', 9, 1, 0, 47),
(175, 70, 'R131568864', 'Non', '2022-11-25', 9, 1, 0, 47),
(309, 67, 'R142075488', 'Non', '2022-11-30', 11, 1, 0, 52),
(177, 124, 'R132611149', 'Non', '2022-11-25', 9, 2, 0, 47),
(178, 124, 'R137468655', 'Non', '2022-11-25', 9, 2, 0, 47),
(179, 124, 'R138536043', 'Non', '2022-11-25', 9, 2, 0, 47),
(386, 70, 'R134748457', 'Non', '2022-12-23', 9, 3, 0, 47),
(441, 67, 'R130165785', 'Non', '2022-12-27', 2, 2, 0, 45),
(182, 67, 'R131460185', 'Non', '2022-11-28', 9, 1, 0, 39),
(183, 67, 'R133486303', 'Non', '2022-11-28', 9, 1, 0, 39),
(184, 67, 'R100045686', 'Non', '2022-11-29', 2, 2, 0, 45),
(185, 67, 'R136469246', 'Non', '2022-11-29', 2, 2, 0, 45),
(186, 67, 'R137311000', 'Non', '2022-11-29', 2, 2, 0, 45),
(187, 67, 'R142075488', 'Non', '2022-11-29', 2, 2, 0, 45),
(188, 70, 'R131341624', 'Non', '2022-11-29', 9, 1, 0, 44),
(189, 70, 'R131568864', 'Non', '2022-11-29', 9, 1, 0, 44),
(190, 70, 'R142070065', 'Non', '2022-11-29', 9, 1, 0, 44),
(191, 70, 'R130093602', 'Non', '2022-11-29', 11, 1, 0, 56),
(192, 70, 'R130134255', 'Non', '2022-11-29', 11, 1, 0, 56),
(193, 70, 'R130550105', 'Non', '2022-11-29', 11, 1, 0, 56),
(194, 70, 'R130901100', 'Non', '2022-11-29', 11, 1, 0, 56),
(195, 70, 'R131341624', 'Non', '2022-11-29', 11, 1, 0, 56),
(196, 70, 'R132513312', 'Non', '2022-11-29', 11, 1, 0, 56),
(197, 70, 'R133597191', 'Non', '2022-11-29', 11, 1, 0, 56),
(308, 67, 'R137277512', 'Non', '2022-11-30', 11, 1, 0, 52),
(199, 62, 'R132611149', 'Non', '2022-11-29', 11, 4, 0, 58),
(200, 62, 'R134219688', 'Non', '2022-11-29', 11, 4, 0, 58),
(385, 70, 'R134460143', 'Non', '2022-12-23', 9, 3, 0, 47),
(202, 62, 'R137468655', 'Non', '2022-11-29', 11, 4, 0, 58),
(384, 70, 'R130550105', 'Non', '2022-12-23', 9, 3, 0, 47),
(204, 70, 'R131341624', 'Non', '2022-11-29', 9, 4, 0, 47),
(205, 70, 'R133597191', 'Non', '2022-11-29', 9, 4, 0, 47),
(206, 70, 'R130093602', 'Non', '2022-11-30', 2, 2, 0, 45),
(207, 70, 'R131341624', 'Non', '2022-11-30', 2, 2, 0, 45),
(208, 70, 'R131885625', 'Non', '2022-11-30', 2, 2, 0, 45),
(209, 70, 'R133597191', 'Non', '2022-11-30', 2, 2, 0, 45),
(210, 70, 'R136439546', 'Non', '2022-11-30', 2, 2, 0, 45),
(211, 70, 'R138302912', 'Non', '2022-11-30', 2, 2, 0, 45),
(212, 70, 'R139427210', 'Non', '2022-11-30', 2, 2, 0, 45),
(213, 70, 'R142070065', 'Non', '2022-11-30', 2, 2, 0, 45),
(214, 67, 'R100045686', 'Non', '2022-12-02', 11, 1, 0, 56),
(215, 67, 'R130165785', 'Non', '2022-12-02', 11, 1, 0, 56),
(216, 67, 'R130283027', 'Non', '2022-12-02', 11, 1, 0, 56),
(217, 67, 'R130870929', 'Non', '2022-12-02', 11, 1, 0, 56),
(218, 67, 'R131460185', 'Non', '2022-12-02', 11, 1, 0, 56),
(219, 67, 'R131916213', 'Non', '2022-12-02', 11, 1, 0, 56),
(220, 67, 'R132628915', 'Non', '2022-12-02', 11, 1, 0, 56),
(221, 67, 'R133486303', 'Non', '2022-12-02', 11, 1, 0, 56),
(222, 67, 'R135501530', 'Non', '2022-12-02', 11, 1, 0, 56),
(223, 67, 'R136469246', 'Non', '2022-12-02', 11, 1, 0, 56),
(224, 67, 'R137311000', 'Non', '2022-12-02', 11, 1, 0, 56),
(225, 67, 'R137778721', 'Non', '2022-12-02', 11, 1, 0, 56),
(226, 67, 'R140121662', 'Non', '2022-12-02', 11, 1, 0, 56),
(227, 67, 'R142075488', 'Non', '2022-12-02', 11, 1, 0, 56),
(228, 67, 'R145020794', 'Non', '2022-12-02', 11, 1, 0, 56),
(229, 67, 'R149085415', 'Non', '2022-12-02', 11, 1, 0, 56),
(230, 67, 'R136469246', 'Non', '2022-12-12', 9, 1, 0, 48),
(231, 67, 'R142075488', 'Non', '2022-12-12', 9, 1, 0, 48),
(232, 47, 'R130105084', 'Non', '2022-12-12', 9, 1, 0, 39),
(233, 47, 'R135748158', 'Non', '2022-12-12', 9, 1, 0, 39),
(234, 67, 'R130165785', 'Non', '2022-12-12', 9, 1, 0, 39),
(235, 67, 'R130184058', 'Non', '2022-12-12', 9, 1, 0, 39),
(236, 67, 'R132628915', 'Non', '2022-12-12', 9, 1, 0, 39),
(237, 67, 'R133486303', 'Non', '2022-12-12', 9, 1, 0, 39),
(238, 67, 'R136469246', 'Non', '2022-12-12', 9, 1, 0, 39),
(239, 67, 'R137277512', 'Non', '2022-12-12', 9, 1, 0, 39),
(240, 67, 'R142075488', 'Non', '2022-12-12', 9, 1, 0, 39),
(241, 67, 'R149085415', 'Non', '2022-12-12', 9, 1, 0, 39),
(242, 70, 'R131341624', 'Non', '2022-12-12', 9, 1, 0, 44),
(243, 70, 'R133564108', 'Non', '2022-12-12', 9, 1, 0, 44),
(244, 70, 'R136213779', 'Non', '2022-12-12', 9, 1, 0, 44),
(245, 70, 'R130901100', 'Non', '2022-12-13', 9, 1, 0, 44),
(246, 70, 'R131341624', 'Non', '2022-12-13', 9, 1, 0, 44),
(247, 70, 'R131885625', 'Non', '2022-12-13', 9, 1, 0, 44),
(248, 70, 'R132513312', 'Non', '2022-12-13', 9, 1, 0, 44),
(249, 70, 'R136439546', 'Non', '2022-12-13', 9, 1, 0, 44),
(250, 70, 'R142070065', 'Non', '2022-12-13', 9, 1, 0, 44),
(251, 67, 'R130165785', 'Non', '2022-12-13', 2, 2, 0, 45),
(252, 67, 'R131916213', 'Non', '2022-12-13', 2, 2, 0, 45),
(253, 67, 'R135501530', 'Non', '2022-12-13', 2, 2, 0, 45),
(254, 47, 'R130105084', 'Non', '2022-12-13', 9, 1, 0, 39),
(255, 47, 'R130105084', 'Non', '2022-12-13', 9, 3, 0, 48),
(448, 62, 'N132378545', 'Non', '2022-12-28', 1, 1, 0, 61),
(257, 47, 'R133446603', 'Non', '2022-12-13', 9, 3, 0, 48),
(258, 47, 'R139385042', 'Non', '2022-12-13', 9, 3, 0, 48),
(259, 47, 'R130105084', 'Non', '2022-12-13', 9, 4, 0, 48),
(447, 67, 'R145020794', 'Non', '2022-12-27', 2, 2, 0, 45),
(261, 47, 'R133446603', 'Non', '2022-12-13', 9, 4, 0, 48),
(262, 47, 'R139385042', 'Non', '2022-12-13', 9, 4, 0, 48),
(263, 70, 'R130134255', 'Non', '2022-12-13', 11, 1, 0, 56),
(264, 70, 'R130901100', 'Non', '2022-12-13', 11, 1, 0, 56),
(265, 70, 'R131885625', 'Non', '2022-12-13', 11, 1, 0, 56),
(266, 70, 'R132513312', 'Non', '2022-12-13', 11, 1, 0, 56),
(267, 70, 'R133597191', 'Non', '2022-12-13', 11, 1, 0, 56),
(268, 70, 'R136439546', 'Non', '2022-12-13', 11, 1, 0, 56),
(269, 70, 'R130134255', 'Non', '2022-12-13', 11, 1, 0, 56),
(270, 70, 'R130901100', 'Non', '2022-12-13', 11, 1, 0, 56),
(271, 70, 'R131885625', 'Non', '2022-12-13', 11, 1, 0, 56),
(272, 70, 'R132513312', 'Non', '2022-12-13', 11, 1, 0, 56),
(273, 70, 'R133597191', 'Non', '2022-12-13', 11, 1, 0, 56),
(274, 70, 'R136439546', 'Non', '2022-12-13', 11, 1, 0, 56),
(275, 62, 'R132611149', 'Non', '2022-12-13', 9, 1, 0, 47),
(276, 62, 'R137468655', 'Non', '2022-12-13', 9, 1, 0, 47),
(590, 47, 'R131432490', 'Non', '2023-01-18', 1, 1, 0, 61),
(278, 70, 'R130901100', 'Non', '2022-12-13', 9, 1, 0, 47),
(279, 70, 'R131885625', 'Non', '2022-12-13', 9, 1, 0, 47),
(280, 70, 'R133597191', 'Non', '2022-12-13', 9, 1, 0, 47),
(281, 70, 'R136439546', 'Non', '2022-12-13', 9, 1, 0, 47),
(311, 67, 'R149085415', 'Non', '2022-11-30', 11, 1, 0, 52),
(310, 67, 'R145020794', 'Non', '2022-11-30', 11, 1, 0, 52),
(307, 67, 'R136469246', 'Non', '2022-11-30', 11, 1, 0, 52),
(306, 67, 'R133486303', 'Non', '2022-11-30', 11, 1, 0, 52),
(303, 62, 'R139765035', 'Non', '2022-12-15', 9, 1, 0, 44),
(302, 62, 'R137468655', 'Non', '2022-12-15', 9, 1, 0, 44),
(299, 62, 'R132582692', 'Non', '2022-12-15', 9, 1, 0, 44),
(296, 47, 'S130054702', 'Non', '2022-12-14', 3, 1, 0, 50),
(295, 47, 'R120034031', 'Non', '2022-12-14', 3, 1, 0, 50),
(315, 67, 'R137277512', 'Non', '2022-11-30', 11, 2, 0, 52),
(314, 67, 'R136469246', 'Non', '2022-11-30', 11, 2, 0, 52),
(317, 67, 'R145020794', 'Non', '2022-11-30', 11, 2, 0, 52),
(318, 67, 'R149085415', 'Non', '2022-11-30', 11, 2, 0, 52),
(319, 67, 'R133486303', 'Non', '2022-11-16', 11, 1, 0, 52),
(320, 67, 'R133486303', 'Non', '2022-11-16', 11, 2, 0, 52),
(321, 67, 'R131460185', 'Non', '2022-12-14', 11, 1, 0, 52),
(322, 67, 'R135501530', 'Non', '2022-12-14', 11, 1, 0, 52),
(323, 67, 'R136469246', 'Non', '2022-12-14', 11, 1, 0, 52),
(324, 67, 'R142075488', 'Non', '2022-12-14', 11, 1, 0, 52),
(325, 67, 'R131460185', 'Non', '2022-12-15', 11, 2, 0, 52),
(326, 67, 'R136469246', 'Non', '2022-12-15', 11, 2, 0, 52),
(327, 67, 'R142075488', 'Non', '2022-12-15', 11, 2, 0, 52),
(328, 70, 'F134192817', 'Non', '2022-12-15', 9, 1, 0, 47),
(329, 70, 'R130134255', 'Non', '2022-12-15', 9, 1, 0, 47),
(330, 70, 'F134192817', 'Non', '2022-12-15', 9, 1, 0, 44),
(331, 70, 'R133597191', 'Non', '2022-12-15', 9, 1, 0, 44),
(332, 47, 'R133446603', 'Non', '2022-12-15', 2, 3, 0, 45),
(333, 47, 'R137413848', 'Non', '2022-12-15', 2, 3, 0, 45),
(334, 47, 'R139385042', 'Non', '2022-12-15', 2, 3, 0, 45),
(335, 62, 'R139765035', 'Non', '2022-12-15', 2, 4, 0, 45),
(336, 67, 'R130165785', 'Non', '2022-12-16', 11, 1, 0, 56),
(337, 67, 'R130283027', 'Non', '2022-12-16', 11, 1, 0, 56),
(338, 67, 'R131460185', 'Non', '2022-12-16', 11, 1, 0, 56),
(339, 67, 'R131916213', 'Non', '2022-12-16', 11, 1, 0, 56),
(340, 67, 'R133486303', 'Non', '2022-12-16', 11, 1, 0, 56),
(341, 67, 'R135501530', 'Non', '2022-12-16', 11, 1, 0, 56),
(342, 67, 'R137778721', 'Non', '2022-12-16', 11, 1, 0, 56),
(343, 67, 'R130165785', 'Non', '2022-12-16', 11, 1, 0, 56),
(344, 67, 'R130283027', 'Non', '2022-12-16', 11, 1, 0, 56),
(345, 67, 'R131460185', 'Non', '2022-12-16', 11, 1, 0, 56),
(346, 67, 'R131916213', 'Non', '2022-12-16', 11, 1, 0, 56),
(347, 67, 'R133486303', 'Non', '2022-12-16', 11, 1, 0, 56),
(348, 67, 'R135501530', 'Non', '2022-12-16', 11, 1, 0, 56),
(349, 67, 'R137778721', 'Non', '2022-12-16', 11, 1, 0, 56),
(350, 67, 'R130283027', 'Non', '2022-12-19', 9, 1, 0, 48),
(351, 67, 'R130870929', 'Non', '2022-12-19', 9, 1, 0, 48),
(352, 67, 'R133486303', 'Non', '2022-12-19', 9, 1, 0, 48),
(353, 47, 'R130105084', 'Non', '2022-12-19', 9, 1, 0, 58),
(358, 70, 'R138302912', 'Non', '2022-12-19', 9, 1, 0, 44),
(355, 47, 'R132728924', 'Non', '2022-12-19', 9, 1, 0, 58),
(356, 47, 'R134830406', 'Non', '2022-12-19', 9, 1, 0, 58),
(357, 47, 'R139385042', 'Non', '2022-12-19', 9, 1, 0, 58),
(359, 70, 'R142070065', 'Non', '2022-12-19', 9, 1, 0, 44),
(360, 70, 'R138302912', 'Non', '2022-12-20', 9, 1, 0, 44),
(361, 67, 'R100045686', 'Non', '2022-12-20', 2, 2, 0, 45),
(362, 67, 'R130184058', 'Non', '2022-12-20', 2, 2, 0, 45),
(363, 67, 'BA30226', 'Non', '2022-12-20', 2, 2, 0, 45),
(364, 67, 'R140121662', 'Non', '2022-12-20', 2, 2, 0, 45),
(365, 62, 'R134219688', 'Non', '2022-12-20', 12, 1, 0, 57),
(595, 47, 'R133420066', 'Non', '2023-01-18', 1, 1, 0, 61),
(367, 62, 'R137938445', 'Non', '2022-12-20', 12, 1, 0, 57),
(368, 62, '', 'Non', '2022-12-20', 12, 1, 0, 57),
(369, 70, 'R130134255', 'Non', '2022-12-20', 11, 1, 0, 56),
(370, 70, 'R142070065', 'Non', '2022-12-20', 11, 1, 0, 56),
(371, 70, 'R138302912', 'Non', '2022-12-21', 9, 1, 0, 44),
(372, 70, 'R138697164', 'Non', '2022-12-21', 9, 1, 0, 44),
(373, 70, 'R138302912', 'Non', '2022-12-21', 2, 2, 0, 45),
(374, 67, 'R130165785', 'Non', '2022-12-21', 9, 3, 0, 48),
(375, 67, 'R130870929', 'Non', '2022-12-21', 9, 3, 0, 48),
(376, 67, 'R130165785', 'Non', '2022-12-21', 9, 4, 0, 48),
(377, 67, 'R130870929', 'Non', '2022-12-21', 9, 4, 0, 48),
(381, 62, '', 'Non', '2022-12-22', 9, 1, 0, 39),
(382, 70, 'R138302912', 'Non', '2022-12-22', 9, 1, 0, 44),
(388, 70, 'R139427210', 'Non', '2022-12-23', 9, 3, 0, 47),
(389, 67, 'R100045686', 'Non', '2022-12-26', 9, 1, 0, 48),
(390, 67, 'R130283027', 'Non', '2022-12-26', 9, 1, 0, 48),
(391, 67, 'R131460185', 'Non', '2022-12-26', 9, 1, 0, 48),
(392, 67, 'R136469246', 'Non', '2022-12-26', 9, 1, 0, 48),
(393, 67, 'R142075488', 'Non', '2022-12-26', 9, 1, 0, 48),
(394, 67, 'R145020794', 'Non', '2022-12-26', 9, 1, 0, 48),
(395, 67, 'R100045686', 'Non', '2022-12-26', 9, 2, 0, 48),
(396, 67, 'R130283027', 'Non', '2022-12-26', 9, 2, 0, 48),
(397, 67, 'R131460185', 'Non', '2022-12-26', 9, 2, 0, 48),
(398, 67, 'R136469246', 'Non', '2022-12-26', 9, 2, 0, 48),
(399, 67, 'R142075488', 'Non', '2022-12-26', 9, 2, 0, 48),
(400, 67, 'R145020794', 'Non', '2022-12-26', 9, 2, 0, 48),
(412, 47, 'R137808768', 'Non', '2022-12-26', 1, 1, 0, 61),
(440, 67, 'R130081479', 'Non', '2022-12-27', 2, 2, 0, 45),
(439, 70, 'R134748457', 'Non', '2022-12-28', 2, 2, 0, 45),
(408, 47, 'R132223999', 'Non', '2022-12-26', 1, 1, 0, 61),
(407, 47, 'R131432490', 'Non', '2022-12-26', 1, 1, 0, 61),
(413, 47, 'R139469119', 'Non', '2022-12-26', 1, 1, 0, 61),
(414, 47, 'R131432490', 'Non', '2022-12-26', 1, 3, 0, 61),
(415, 47, 'R132223999', 'Non', '2022-12-26', 1, 3, 0, 61),
(416, 47, 'R132535273', 'Non', '2022-12-26', 1, 3, 0, 61),
(444, 67, 'R133486303', 'Non', '2022-12-27', 2, 2, 0, 45),
(438, 70, 'R133597191', 'Non', '2022-12-28', 2, 2, 0, 45),
(419, 47, 'R137808768', 'Non', '2022-12-26', 1, 3, 0, 61),
(420, 47, 'R139469119', 'Non', '2022-12-26', 1, 3, 0, 61),
(421, 70, 'R132513312', 'Non', '2022-12-27', 9, 1, 0, 44),
(422, 70, 'R133597191', 'Non', '2022-12-27', 9, 1, 0, 44),
(446, 67, 'R137277512', 'Non', '2022-12-27', 2, 2, 0, 45),
(445, 67, 'R135501530', 'Non', '2022-12-27', 2, 2, 0, 45),
(443, 67, 'R131460185', 'Non', '2022-12-27', 2, 2, 0, 45),
(437, 70, 'R134748457', 'Non', '2022-12-28', 9, 1, 0, 44),
(434, 47, '', 'Non', '2022-12-27', 9, 1, 0, 39),
(435, 70, 'R131568864', 'Non', '2022-12-28', 9, 1, 0, 44),
(442, 67, 'R130870929', 'Non', '2022-12-27', 2, 2, 0, 45),
(436, 70, 'R133597191', 'Non', '2022-12-28', 9, 1, 0, 44),
(433, 47, 'R130094423', 'Non', '2022-12-27', 9, 1, 0, 39),
(449, 62, 'R132582692', 'Non', '2022-12-28', 1, 1, 0, 61),
(450, 62, 'R134219688', 'Non', '2022-12-28', 1, 1, 0, 61),
(451, 62, 'R137938445', 'Non', '2022-12-28', 1, 1, 0, 61),
(452, 62, 'R139765035', 'Non', '2022-12-28', 1, 1, 0, 61),
(453, 62, '', 'Non', '2022-12-28', 1, 1, 0, 61),
(454, 62, 'N132378545', 'Non', '2022-12-28', 1, 2, 0, 61),
(455, 62, 'R132582692', 'Non', '2022-12-28', 1, 2, 0, 61),
(456, 62, 'R134219688', 'Non', '2022-12-28', 1, 2, 0, 61),
(457, 62, 'R137938445', 'Non', '2022-12-28', 1, 2, 0, 61),
(458, 62, 'R139765035', 'Non', '2022-12-28', 1, 2, 0, 61),
(459, 62, '', 'Non', '2022-12-28', 1, 2, 0, 61),
(460, 67, 'R133486303', 'Non', '2022-12-28', 9, 3, 0, 48),
(461, 67, 'R149085415', 'Non', '2022-12-28', 9, 3, 0, 48),
(462, 67, 'R133486303', 'Non', '2022-12-28', 9, 4, 0, 48),
(463, 67, 'R149085415', 'Non', '2022-12-28', 9, 4, 0, 48),
(464, 62, 'N132378545', 'Non', '2022-12-29', 9, 1, 0, 44),
(465, 62, 'R134219688', 'Non', '2022-12-29', 9, 1, 0, 44),
(466, 62, 'R136602050', 'Non', '2022-12-29', 9, 1, 0, 44),
(467, 62, 'R137938445', 'Non', '2022-12-29', 9, 1, 0, 44),
(468, 62, '', 'Non', '2022-12-29', 9, 1, 0, 44),
(469, 70, 'R139427210', 'Non', '2022-12-29', 9, 1, 0, 44),
(470, 47, 'R130094423', 'Non', '2022-12-29', 2, 3, 0, 45),
(471, 47, 'R131432490', 'Non', '2022-12-29', 2, 3, 0, 45),
(472, 47, 'R132223999', 'Non', '2022-12-29', 2, 3, 0, 45),
(473, 47, 'R132535273', 'Non', '2022-12-29', 2, 3, 0, 45),
(474, 47, 'R133300547', 'Non', '2022-12-29', 2, 3, 0, 45),
(475, 47, 'R133446603', 'Non', '2022-12-29', 2, 3, 0, 45),
(476, 47, 'R136472845', 'Non', '2022-12-29', 2, 3, 0, 45),
(477, 47, 'R137808768', 'Non', '2022-12-29', 2, 3, 0, 45),
(478, 47, 'R139469119', 'Non', '2022-12-29', 2, 3, 0, 45),
(479, 47, 'R142067406', 'Non', '2022-12-29', 2, 3, 0, 45),
(480, 47, 'R144036542', 'Non', '2022-12-29', 2, 3, 0, 45),
(481, 47, 'R130094423', 'Non', '2022-12-29', 9, 4, 0, 39),
(482, 47, 'R130132359', 'Non', '2022-12-29', 9, 1, 0, 39),
(483, 47, 'R131432490', 'Non', '2022-12-29', 9, 4, 0, 39),
(484, 47, 'R132223999', 'Non', '2022-12-29', 9, 4, 0, 39),
(485, 47, 'R132535273', 'Non', '2022-12-29', 9, 4, 0, 39),
(486, 47, 'R133300547', 'Non', '2022-12-29', 9, 4, 0, 39),
(487, 47, 'R139469119', 'Non', '2022-12-29', 9, 4, 0, 39),
(488, 47, 'R144036542', 'Non', '2022-12-29', 9, 4, 0, 39),
(489, 62, 'K136276273', 'Non', '2023-01-02', 1, 3, 0, 61),
(490, 62, 'R132582692', 'Non', '2023-01-02', 1, 3, 0, 61),
(491, 62, 'R134219688', 'Non', '2023-01-02', 1, 3, 0, 61),
(492, 62, 'R137938445', 'Non', '2023-01-02', 1, 3, 0, 61),
(493, 62, '', 'Non', '2023-01-02', 1, 3, 0, 61),
(494, 62, 'N132378545', 'Non', '2023-01-03', 12, 1, 0, 57),
(495, 62, 'R134219688', 'Non', '2023-01-03', 12, 1, 0, 57),
(594, 47, 'R133308042', 'Non', '2023-01-18', 1, 1, 0, 61),
(497, 62, 'R137938445', 'Non', '2023-01-03', 12, 1, 0, 57),
(498, 62, '', 'Non', '2023-01-03', 12, 1, 0, 57),
(499, 62, 'R134219688', 'Non', '2023-01-03', 9, 1, 0, 47),
(500, 62, 'R135225245', 'Non', '2023-01-03', 9, 1, 0, 47),
(593, 47, 'R133300547', 'Non', '2023-01-18', 1, 1, 0, 61),
(502, 62, 'R136602050', 'Non', '2023-01-03', 9, 1, 0, 47),
(503, 62, 'R137938445', 'Non', '2023-01-03', 9, 1, 0, 47),
(504, 62, '', 'Non', '2023-01-03', 9, 1, 0, 47),
(505, 70, 'R131568864', 'Non', '2023-01-03', 9, 1, 0, 47),
(506, 70, 'R139427210', 'Non', '2023-01-03', 9, 1, 0, 47),
(507, 70, 'R131568864', 'Non', '2023-01-03', 9, 4, 0, 47),
(508, 70, 'R139427210', 'Non', '2023-01-03', 9, 4, 0, 47),
(509, 47, 'R130105084', 'Non', '2023-01-03', 9, 3, 0, 48),
(510, 47, 'R137808768', 'Non', '2023-01-03', 9, 3, 0, 48),
(511, 47, 'R130105084', 'Non', '2023-01-03', 9, 4, 0, 48),
(512, 47, 'R137808768', 'Non', '2023-01-03', 9, 4, 0, 48),
(513, 47, 'R120034031', 'Non', '2023-01-04', 1, 1, 0, 61),
(514, 47, 'R137808768', 'Non', '2023-01-04', 1, 1, 0, 61),
(515, 62, 'F131216404', 'Non', '2023-01-04', 3, 1, 0, 50),
(516, 62, 'N135364384', 'Non', '2023-01-04', 3, 1, 0, 50),
(517, 62, 'R134219688', 'Non', '2023-01-04', 3, 1, 0, 50),
(518, 62, 'R135225245', 'Non', '2023-01-04', 3, 1, 0, 50),
(592, 47, 'R132535273', 'Non', '2023-01-18', 1, 1, 0, 61),
(520, 62, 'R136602050', 'Non', '2023-01-04', 3, 1, 0, 50),
(521, 62, 'R137938445', 'Non', '2023-01-04', 3, 1, 0, 50),
(522, 62, 'R140115089', 'Non', '2023-01-04', 3, 1, 0, 50),
(523, 62, 'R141050682', 'Non', '2023-01-04', 3, 1, 0, 50),
(589, 47, 'R130132359', 'Non', '2023-01-18', 1, 1, 0, 61),
(525, 62, '', 'Non', '2023-01-04', 3, 1, 0, 50),
(526, 70, 'R131341624', 'Non', '2023-01-04', 9, 1, 0, 44),
(527, 70, 'R131885625', 'Non', '2023-01-04', 9, 1, 0, 44),
(528, 47, 'R120034031', 'Non', '2023-01-05', 12, 2, 0, 57),
(529, 47, 'R137808768', 'Non', '2023-01-05', 12, 2, 0, 57),
(530, 47, 'R144036542', 'Non', '2023-01-05', 12, 2, 0, 57),
(531, 70, 'F134192817', 'Non', '2023-01-06', 9, 1, 0, 47),
(532, 70, 'R131341624', 'Non', '2023-01-06', 9, 1, 0, 47),
(533, 70, 'R131568864', 'Non', '2023-01-06', 9, 1, 0, 47),
(534, 70, 'R133564108', 'Non', '2023-01-06', 9, 1, 0, 47),
(535, 70, 'R133597191', 'Non', '2023-01-06', 9, 1, 0, 47),
(536, 70, 'R134748457', 'Non', '2023-01-06', 9, 1, 0, 47),
(537, 70, 'R136213779', 'Non', '2023-01-06', 9, 1, 0, 47),
(538, 70, 'R138302912', 'Non', '2023-01-06', 9, 1, 0, 47),
(539, 70, 'R139427210', 'Non', '2023-01-06', 9, 1, 0, 47),
(540, 62, 'R134219688', 'Non', '2023-01-09', 9, 2, 0, 48),
(541, 62, 'R137938445', 'Non', '2023-01-09', 9, 2, 0, 48),
(542, 62, '', 'Non', '2023-01-09', 9, 2, 0, 48),
(543, 47, 'R130105084', 'Non', '2023-01-09', 1, 4, 0, 61),
(544, 47, 'R130132359', 'Non', '2023-01-09', 1, 4, 0, 61),
(545, 47, 'R131432490', 'Non', '2023-01-09', 1, 4, 0, 61),
(546, 47, 'R133300547', 'Non', '2023-01-09', 1, 4, 0, 61),
(547, 47, 'R133308042', 'Non', '2023-01-09', 1, 4, 0, 61),
(548, 47, 'R136472845', 'Non', '2023-01-09', 1, 4, 0, 61),
(549, 47, 'R137808768', 'Non', '2023-01-09', 1, 4, 0, 61),
(550, 47, 'R144036542', 'Non', '2023-01-09', 1, 4, 0, 61),
(551, 62, 'N132378545', 'Non', '2023-01-10', 12, 2, 0, 57),
(552, 62, 'R134219688', 'Non', '2023-01-10', 12, 2, 0, 57),
(553, 62, 'R135225245', 'Non', '2023-01-10', 12, 2, 0, 57),
(554, 62, 'R137938445', 'Non', '2023-01-10', 12, 2, 0, 57),
(555, 62, 'R138533548', 'Non', '2023-01-10', 12, 2, 0, 57),
(556, 62, 'R142088482', 'Non', '2023-01-10', 12, 2, 0, 57),
(557, 62, '', 'Non', '2023-01-10', 12, 2, 0, 57),
(558, 70, 'R130134255', 'Non', '2023-01-10', 11, 1, 0, 56),
(559, 70, 'R130550105', 'Non', '2023-01-10', 11, 1, 0, 56),
(560, 70, 'R130901100', 'Non', '2023-01-10', 11, 1, 0, 56),
(561, 70, 'R139427210', 'Non', '2023-01-10', 11, 1, 0, 56),
(562, 70, 'R139427210', 'Non', '2023-01-10', 9, 4, 0, 47),
(563, 47, 'R132223999', 'Non', '2023-01-12', 12, 2, 0, 57),
(564, 47, 'R133300547', 'Non', '2023-01-12', 12, 2, 0, 57),
(565, 47, 'R137808768', 'Non', '2023-01-12', 12, 2, 0, 57),
(566, 67, 'R131916213', 'Non', '2023-01-16', 9, 1, 0, 48),
(567, 67, 'R131916213', 'Non', '2023-01-16', 9, 2, 0, 48),
(568, 70, 'R130550105', 'Non', '2023-01-17', 9, 1, 0, 44),
(569, 70, 'R131568864', 'Non', '2023-01-17', 9, 1, 0, 44),
(570, 70, 'R134460143', 'Non', '2023-01-17', 9, 1, 0, 44),
(571, 70, 'R134748457', 'Non', '2023-01-17', 9, 1, 0, 44),
(572, 70, 'R136213779', 'Non', '2023-01-17', 9, 1, 0, 44),
(573, 70, 'R138302912', 'Non', '2023-01-17', 9, 1, 0, 44),
(574, 62, 'R137938445', 'Non', '2023-01-17', 12, 2, 0, 57),
(575, 62, '', 'Non', '2023-01-17', 12, 2, 0, 57),
(576, 62, 'F131216404', 'Non', '2023-01-18', 3, 1, 0, 50),
(577, 62, 'K136276273', 'Non', '2023-01-18', 3, 1, 0, 50),
(597, 47, 'R134231681', 'Non', '2023-01-18', 1, 1, 0, 61),
(579, 62, 'R132582692', 'Non', '2023-01-18', 3, 1, 0, 50),
(580, 62, 'R132611149', 'Non', '2023-01-18', 3, 1, 0, 50),
(581, 62, 'R134219688', 'Non', '2023-01-18', 3, 1, 0, 50),
(582, 62, 'R135225245', 'Non', '2023-01-18', 3, 1, 0, 50),
(591, 47, 'R132223999', 'Non', '2023-01-18', 1, 1, 0, 61),
(584, 62, 'R137938445', 'Non', '2023-01-18', 3, 1, 0, 50),
(585, 62, 'R143109942', 'Non', '2023-01-18', 3, 1, 0, 50),
(588, 47, 'R130105084', 'Non', '2023-01-18', 1, 1, 0, 61),
(587, 62, '', 'Non', '2023-01-18', 3, 1, 0, 50),
(598, 47, 'R137808768', 'Non', '2023-01-18', 1, 1, 0, 61),
(599, 47, 'R139469119', 'Non', '2023-01-18', 1, 1, 0, 61),
(600, 47, 'R144036542', 'Non', '2023-01-18', 1, 1, 0, 61),
(601, 70, 'R133597191', 'Non', '2023-01-18', 9, 1, 0, 44),
(602, 70, 'R134460143', 'Non', '2023-01-18', 9, 1, 0, 44),
(603, 70, 'R136213779', 'Non', '2023-01-18', 9, 1, 0, 44),
(604, 70, 'R136439546', 'Non', '2023-01-18', 9, 1, 0, 44),
(605, 70, 'R138444943', 'Non', '2023-01-18', 9, 1, 0, 44),
(606, 62, 'R130175026', 'Non', '2023-01-18', 1, 2, 0, 61),
(607, 62, 'R132611149', 'Non', '2023-01-18', 1, 2, 0, 61),
(608, 62, 'R134219688', 'Non', '2023-01-18', 1, 2, 0, 61),
(609, 62, 'R135225245', 'Non', '2023-01-18', 1, 2, 0, 61),
(610, 62, 'R137938445', 'Non', '2023-01-18', 1, 2, 0, 61),
(611, 62, 'R143109942', 'Non', '2023-01-18', 1, 2, 0, 61),
(612, 62, '', 'Non', '2023-01-18', 1, 2, 0, 61),
(613, 47, 'R137808768', 'Non', '2023-01-19', 12, 2, 0, 57),
(614, 70, 'R131341624', 'Non', '2023-01-19', 9, 1, 0, 44),
(615, 70, 'R134748457', 'Non', '2023-01-19', 9, 1, 0, 44),
(616, 70, 'R136213779', 'Non', '2023-01-19', 9, 1, 0, 44),
(617, 70, 'R138302912', 'Non', '2023-01-19', 9, 1, 0, 44),
(618, 70, 'R142070065', 'Non', '2023-01-19', 9, 1, 0, 44),
(619, 67, 'R130165785', 'Non', '2023-02-03', 11, 1, 0, 56),
(620, 67, 'R130283027', 'Non', '2023-02-03', 11, 1, 0, 56),
(621, 67, 'R131460185', 'Non', '2023-02-03', 11, 1, 0, 56),
(622, 67, 'R131916213', 'Non', '2023-02-03', 11, 1, 0, 56),
(623, 67, 'R133486303', 'Non', '2023-02-03', 11, 1, 0, 56),
(624, 67, 'R135501530', 'Non', '2023-02-03', 11, 1, 0, 56),
(625, 67, 'R136469246', 'Non', '2023-02-03', 11, 1, 0, 56),
(626, 67, 'R142075488', 'Non', '2023-02-03', 11, 1, 0, 56),
(627, 67, 'R145020794', 'Non', '2023-02-03', 11, 1, 0, 56),
(628, 62, 'K136276273', 'Non', '2023-02-08', 3, 1, 0, 50),
(629, 62, 'N132378545', 'Non', '2023-02-08', 3, 1, 0, 50),
(630, 62, 'R132611149', 'Non', '2023-02-08', 3, 1, 0, 50),
(631, 62, 'R134219688', 'Non', '2023-02-08', 3, 1, 0, 50),
(632, 62, 'R135225245', 'Non', '2023-02-08', 3, 1, 0, 50),
(640, 67, 'R130283027', 'Non', '2023-02-13', 9, 1, 0, 48),
(634, 62, 'R136602050', 'Non', '2023-02-08', 3, 1, 0, 50),
(635, 62, 'R137938445', 'Non', '2023-02-08', 3, 1, 0, 50),
(636, 62, 'R138533548', 'Non', '2023-02-08', 3, 1, 0, 50),
(637, 62, 'R143109942', 'Non', '2023-02-08', 3, 1, 0, 50),
(638, 62, 'R149112550', 'Non', '2023-02-08', 3, 1, 0, 50),
(639, 62, '', 'Non', '2023-02-08', 3, 1, 0, 50),
(641, 67, 'R131460185', 'Non', '2023-02-13', 9, 1, 0, 48),
(642, 67, 'R135501530', 'Non', '2023-02-13', 9, 1, 0, 48),
(643, 67, 'R136469246', 'Non', '2023-02-13', 9, 1, 0, 48),
(644, 67, 'R142075488', 'Non', '2023-02-13', 9, 1, 0, 48),
(645, 67, 'R130283027', 'Non', '2023-02-13', 9, 2, 0, 48),
(646, 67, 'R131460185', 'Non', '2023-02-13', 9, 2, 0, 48),
(647, 67, 'R135501530', 'Non', '2023-02-13', 9, 2, 0, 48),
(648, 67, 'R136469246', 'Non', '2023-02-13', 9, 2, 0, 48),
(649, 67, 'R142075488', 'Non', '2023-02-13', 9, 2, 0, 48),
(650, 70, 'R130901100', 'Non', '2023-02-13', 9, 1, 0, 44),
(651, 70, 'R132513312', 'Non', '2023-02-13', 9, 1, 0, 44),
(652, 70, 'R136439546', 'Non', '2023-02-13', 9, 1, 0, 44),
(653, 70, 'R138302912', 'Non', '2023-02-13', 9, 1, 0, 44),
(654, 70, 'R139427210', 'Non', '2023-02-13', 9, 1, 0, 44),
(655, 62, 'R130175026', 'Non', '2023-02-13', 1, 3, 0, 61),
(656, 62, 'R132582692', 'Non', '2023-02-13', 1, 3, 0, 61),
(657, 62, 'R134219688', 'Non', '2023-02-13', 1, 3, 0, 61),
(658, 62, 'R135225245', 'Non', '2023-02-13', 1, 3, 0, 61),
(659, 62, 'R136602050', 'Non', '2023-02-13', 1, 3, 0, 61),
(660, 62, 'R137938445', 'Non', '2023-02-13', 1, 3, 0, 61),
(661, 62, '', 'Non', '2023-02-13', 1, 3, 0, 61),
(662, 47, 'R133420066', 'Non', '2023-02-13', 1, 1, 0, 61),
(663, 47, 'R136472845', 'Non', '2023-02-13', 1, 1, 0, 61),
(664, 47, 'R137808768', 'Non', '2023-02-13', 1, 1, 0, 61),
(665, 47, 'R133420066', 'Non', '2023-02-13', 1, 1, 0, 61),
(666, 47, 'R136472845', 'Non', '2023-02-13', 1, 1, 0, 61),
(667, 47, 'R137808768', 'Non', '2023-02-13', 1, 1, 0, 61),
(668, 47, 'R137808768', 'Non', '2023-02-16', 12, 2, 0, 57),
(669, 47, 'R144036542', 'Non', '2023-02-16', 12, 2, 0, 57),
(670, 47, 'R130105084', 'Non', '2023-02-08', 3, 1, 0, 50);

-- --------------------------------------------------------

--
-- Structure de la table `acdemie`
--

CREATE TABLE `acdemie` (
  `IdAcademie` int(11) NOT NULL,
  `LibelleAcademie` varchar(50) CHARACTER SET utf8mb4 COLLATE utf8mb4_general_ci NOT NULL
) ENGINE=InnoDB DEFAULT CHARSET=utf8 COLLATE=utf8_general_ci;

-- --------------------------------------------------------

--
-- Structure de la table `admin`
--

CREATE TABLE `admin` (
  `id` int(11) NOT NULL,
  `name` varchar(40) CHARACTER SET latin1 COLLATE latin1_swedish_ci NOT NULL,
  `email` varchar(40) CHARACTER SET latin1 COLLATE latin1_swedish_ci NOT NULL,
  `password` varchar(40) CHARACTER SET latin1 COLLATE latin1_swedish_ci NOT NULL,
  `image` varchar(50) CHARACTER SET latin1 COLLATE latin1_swedish_ci NOT NULL,
  `position` varchar(50) CHARACTER SET latin1 COLLATE latin1_swedish_ci NOT NULL,
  `idEtab` int(11) NOT NULL
) ENGINE=MyISAM DEFAULT CHARSET=utf8 COLLATE=utf8_general_ci;

--
-- Déchargement des données de la table `admin`
--

INSERT INTO `admin` (`id`, `name`, `email`, `password`, `image`, `position`, `idEtab`) VALUES
(7, 'Akhsas rida', 'Akhsas36@gmail.com', 'redareda', '', '', 1),
(4, 'Barfete', 'Barfete@hotmail.com', 'Ishaq', '', 'Directeur', 1),
(5, 'Milouda Elbiad', 'Miloudaelbiad@gmail.com', 'aabbcc', '', 'Surveillante', 1),
(6, 'Abdelhak Fadili', 'ttt@gmail.com', '123', '', '', 1);

-- --------------------------------------------------------

--
-- Structure de la table `classes`
--

CREATE TABLE `classes` (
  `idclasse` int(11) NOT NULL,
  `nom` varchar(50) DEFAULT NULL
) ENGINE=MyISAM DEFAULT CHARSET=utf8 COLLATE=utf8_general_ci;

--
-- Déchargement des données de la table `classes`
--

INSERT INTO `classes` (`idclasse`, `nom`) VALUES
(47, '1BTSSRI-1'),
(62, '1BTSDSI-1'),
(163, '2BACSPF-2'),
(162, '2BACSPF-1'),
(161, '1BACSEF-3'),
(160, '1BACSEF-2'),
(159, '1BACSEF-1'),
(67, '2BTSSRI-1'),
(70, '2BTSDSI-1'),
(134, 'TCSF-3'),
(133, 'TCSF-2'),
(132, 'TCSF-1');

-- --------------------------------------------------------

--
-- Structure de la table `class_teacher`
--

CREATE TABLE `class_teacher` (
  `id_clte` int(11) NOT NULL,
  `idclasse` int(11) NOT NULL,
  `idMatiere` int(11) NOT NULL,
  `idTeacher` int(11) DEFAULT NULL
) ENGINE=MyISAM DEFAULT CHARSET=utf8 COLLATE=utf8_general_ci;

--
-- Déchargement des données de la table `class_teacher`
--

INSERT INTO `class_teacher` (`id_clte`, `idclasse`, `idMatiere`, `idTeacher`) VALUES
(1, 1, 1, 6),
(2, 1, 2, 10),
(43, 70, 9, 18),
(42, 67, 9, 18),
(5, 1, 5, 21),
(6, 1, 6, 22),
(7, 1, 7, 20),
(8, 1, 8, 23),
(41, 62, 9, 18),
(10, 1, 10, 24),
(11, 1, 11, 19),
(12, 47, 1, 9),
(13, 2, 2, 10),
(14, 2, 3, 13),
(15, 2, 4, 7),
(16, 2, 5, 21),
(17, 2, 6, 22),
(18, 2, 7, 20),
(19, 2, 8, 23),
(45, 62, 9, 39),
(21, 2, 10, 24),
(22, 2, 11, 19),
(23, 52, 1, 9),
(24, 3, 2, 10),
(25, 3, 3, 13),
(26, 3, 4, 7),
(27, 3, 5, 21),
(28, 3, 6, 22),
(29, 3, 7, 20),
(30, 3, 8, 23),
(44, 47, 9, 39),
(32, 3, 10, 24),
(33, 3, 11, 19),
(40, 47, 9, 18),
(46, 67, 9, 39),
(47, 47, 9, 44),
(48, 62, 9, 44),
(49, 67, 9, 44),
(50, 70, 9, 44),
(54, 70, 9, 46),
(53, 62, 9, 46),
(55, 47, 9, 48),
(56, 62, 9, 48),
(57, 67, 9, 48),
(126, 62, 12, 57),
(67, 70, 2, 45),
(66, 67, 2, 45),
(65, 62, 2, 45),
(64, 47, 2, 45),
(68, 62, 9, 47),
(69, 70, 9, 47),
(81, 70, 3, 50),
(80, 67, 3, 50),
(79, 62, 3, 50),
(78, 47, 3, 50),
(82, 47, 11, 52),
(83, 62, 11, 52),
(84, 67, 11, 52),
(90, 70, 11, 56),
(89, 67, 11, 56),
(134, 62, 9, 58),
(125, 47, 12, 57),
(133, 47, 11, 49),
(129, 47, 1, 61),
(130, 62, 1, 61);

-- --------------------------------------------------------

--
-- Structure de la table `course`
--

CREATE TABLE `course` (
  `course_id` int(11) NOT NULL,
  `course_short_name` varchar(250) CHARACTER SET latin1 COLLATE latin1_swedish_ci NOT NULL,
  `course_full_name` varchar(250) CHARACTER SET latin1 COLLATE latin1_swedish_ci NOT NULL,
  `course_date` varchar(50) CHARACTER SET latin1 COLLATE latin1_swedish_ci NOT NULL
) ENGINE=MyISAM DEFAULT CHARSET=utf8 COLLATE=utf8_general_ci;

--
-- Déchargement des données de la table `course`
--

INSERT INTO `course` (`course_id`, `course_short_name`, `course_full_name`, `course_date`) VALUES
(63, 'Exam ', 'MATH', '2022-03-31'),
(61, 'DEV WEB', 'JS', '2022-03-28'),
(62, 'Exam', 'CAI', '2022-03-28');

-- --------------------------------------------------------

--
-- Structure de la table `eleve`
--

CREATE TABLE `eleve` (
  `CodeMassarElv` varchar(25) NOT NULL,
  `Nomelv` varchar(20) NOT NULL,
  `PrenomElv` varchar(30) NOT NULL,
  `IdCls` int(11) NOT NULL,
  `IdP` int(11) NOT NULL
) ENGINE=InnoDB DEFAULT CHARSET=utf8mb4 COLLATE=utf8mb4_general_ci;

--
-- Déchargement des données de la table `eleve`
--

INSERT INTO `eleve` (`CodeMassarElv`, `Nomelv`, `PrenomElv`, `IdCls`, `IdP`) VALUES
('D135584303', 'وردان', 'آية ', 3, 42),
('R130004097', 'حيمود', 'يزيد', 3, 32),
('R130011829', 'لفطاح', 'عثمان', 3, 31),
('R130056705', 'بورشق', 'ليلى', 3, 43),
('R130163614', 'عماد', 'محمد أمين', 3, 44),
('R130175329', 'كنطاري', 'نهيلة', 3, 45),
('R130196971', 'ثلاوتي', 'عذنان', 3, 33),
('R130227040', 'الزياني', 'علي', 3, 46),
('R130430354', 'النباكي', 'خديجة', 3, 35),
('R130582332', 'ادعلي أوحسن', 'اية', 3, 47),
('R132382614', 'بامحمد', 'هبة', 3, 40),
('R133468939', 'بوطلحة', 'يحيى', 3, 34),
('R133528384', 'شيدني', 'شيماء ', 3, 48),
('R133528386', 'شهباوي', 'الرميصاء ', 3, 49),
('R134222246', 'وشير', 'مريم', 3, 50),
('R134426103', 'عزيزي', 'جابر', 3, 51),
('R134439422', 'المرتضي', 'ايمان', 3, 39),
('R135244695', 'اكورتام', 'لينة', 3, 52),
('R135894004', 'سروت', 'عثمان', 3, 38),
('R136430346', 'أكيرار', 'رشيدة', 3, 53),
('R137206147', 'بولالي', 'الياس هيثم', 3, 54),
('R137383024', 'عشماوي', 'جيهان', 3, 55),
('R137430356', 'البكار', 'بسمة', 3, 56),
('R137481092', 'بيكران', 'دعاء', 3, 36),
('R138280920', 'قاص', 'سارة', 3, 57),
('R139239556', 'نوادر', 'آية', 3, 41),
('R143022076', 'الرحماني', 'محمد', 3, 37),
('R145027399', 'مفتاح', 'امينة', 3, 58),
('R149086867', 'ابوالجهاد', 'اكرام', 3, 59);

-- --------------------------------------------------------

--
-- Structure de la table `etablissement`
--

CREATE TABLE `etablissement` (
  `IdEtab` int(11) NOT NULL,
  `CodeEtab` varchar(20) CHARACTER SET utf8mb4 COLLATE utf8mb4_general_ci NOT NULL,
  `NomEtab` varchar(50) NOT NULL,
  `NomEtabArabe` varchar(50) NOT NULL
) ENGINE=InnoDB DEFAULT CHARSET=utf8 COLLATE=utf8_general_ci;

--
-- Déchargement des données de la table `etablissement`
--

INSERT INTO `etablissement` (`IdEtab`, `CodeEtab`, `NomEtab`, `NomEtabArabe`) VALUES
(1, '', 'Lycée ABDERRAHMAN IBN GHAZALA', 'عبد الرحمان بن غزالة');

-- --------------------------------------------------------

--
-- Structure de la table `follow`
--

CREATE TABLE `follow` (
  `id` int(11) NOT NULL,
  `to_user_id` int(20) NOT NULL,
  `from_user_id` int(20) NOT NULL
) ENGINE=MyISAM DEFAULT CHARSET=utf8 COLLATE=utf8_general_ci;

-- --------------------------------------------------------

--
-- Structure de la table `followings`
--

CREATE TABLE `followings` (
  `id` int(11) NOT NULL,
  `from_user_id` varchar(20) CHARACTER SET latin1 COLLATE latin1_swedish_ci NOT NULL,
  `to_user_id` varchar(20) CHARACTER SET latin1 COLLATE latin1_swedish_ci NOT NULL
) ENGINE=MyISAM DEFAULT CHARSET=utf8 COLLATE=utf8_general_ci;

-- --------------------------------------------------------

--
-- Structure de la table `follows`
--

CREATE TABLE `follows` (
  `id` int(11) NOT NULL,
  `to_user_id` int(20) NOT NULL,
  `from_user_id` int(20) NOT NULL
) ENGINE=MyISAM DEFAULT CHARSET=utf8 COLLATE=utf8_general_ci;

-- --------------------------------------------------------

--
-- Structure de la table `matier`
--

CREATE TABLE `matier` (
  `idMatiere` int(11) NOT NULL,
  `libelle` varchar(50) DEFAULT NULL,
  `abrv` varchar(50) DEFAULT NULL
) ENGINE=MyISAM DEFAULT CHARSET=utf8 COLLATE=utf8_general_ci;

--
-- Déchargement des données de la table `matier`
--

INSERT INTO `matier` (`idMatiere`, `libelle`, `abrv`) VALUES
(1, 'Français', 'FR'),
(2, 'Anglais', 'ANG'),
(3, 'Arabe', 'Arb'),
(4, 'Mathématiques', 'Math'),
(5, 'Physique Chimie', 'PHY'),
(6, 'Education Islamique', 'EIS'),
(7, 'Science de la Vie et de la Terre', 'SVT'),
(8, 'Education Physique', 'EPH'),
(9, 'Informatique', 'Info'),
(10, 'Histoire et Geographie', 'HG'),
(11, 'Philosophie', 'PH'),
(12, 'EnvEc', 'EVEJ');

-- --------------------------------------------------------

--
-- Structure de la table `parent`
--

CREATE TABLE `parent` (
  `IdP` int(11) NOT NULL,
  `CinP` varchar(15) DEFAULT NULL,
  `NomP` varchar(30) DEFAULT NULL,
  `PrenomP` varchar(30) DEFAULT NULL,
  `TelP` varchar(15) DEFAULT NULL,
  `CinM` varchar(15) DEFAULT NULL,
  `NomM` varchar(30) DEFAULT NULL,
  `PrenomM` varchar(30) DEFAULT NULL,
  `TelM` varchar(15) DEFAULT NULL
) ENGINE=InnoDB DEFAULT CHARSET=utf8mb4 COLLATE=utf8mb4_general_ci;

--
-- Déchargement des données de la table `parent`
--

INSERT INTO `parent` (`IdP`, `CinP`, `NomP`, `PrenomP`, `TelP`, `CinM`, `NomM`, `PrenomM`, `TelM`) VALUES
(31, 'BH127836', 'LAFTAH', 'MOHAMMED', '0605779194', '', '', '', ''),
(32, 'B799401', 'ABDELOUAHED', 'HAIMOUD', '661300239', 'BE496886', 'NAÏMA', 'SOUIDEK', '665031650'),
(33, 'BH29914', 'YOUSSEF', 'TALAOUTI', '661404529', 'BJ214960', 'BOUCHRA', 'ZINE EDDINE ', '622111795'),
(34, 'W205271', 'AZIZ', 'BOUTALHA', '', 'BJ305038', 'SOUAD', 'BOUHAMRIA', ''),
(35, '', '', '', '', '', '', '', ''),
(36, 'N57110', 'AARAB', 'BIKRANE', '', 'BH78458', 'FATIHA', 'AIT BEN BALLA', ''),
(37, 'BE580154', 'ABDERRAZAK', 'RAHMANI', '662090175', '', '', '', ''),
(38, 'I89163', 'ABDERRAHIM', 'SAROUT', '666256782', 'IB26719', 'LATIFA', 'AIT OUTALLEB', '643104162'),
(39, 'BE483691', 'MOHAMMED', 'MORTADY', '666811078', 'JE198859', 'LAILA', 'MOUSTAID', '540043681'),
(40, 'I229750', 'ABDELRAHMAN', 'BA MOHMED', '667524349', 'I229750', 'NADIA', 'MOUDKIR', '658257450'),
(41, '', '', '', '', '', '', '', ''),
(42, '', '', '', '', '', '', '', ''),
(43, 'BJ108116', 'HASSAN', 'BOURCHAK', '645158963', '', '', '', ''),
(44, 'B100760', 'ES SAID', 'IMADE', '680359553', 'BE700925', 'ACHAB', 'ASMAA', '643174516'),
(45, 'B378286', 'DRISS', 'KOUNTARI', '665774899', '', '', '', ''),
(46, 'BJ23208', 'MUSTAPHA', 'EZZIANI', '671935586', 'BJ23208', '', '', ''),
(47, '', '', '', '', '', '', '', ''),
(48, 'BJ52763', 'MOHAMED', 'CHIDNI', '664929881', '', '', '', ''),
(49, 'BJ190455', 'DALAL', 'CHAHBAOUY', '677627347', '', '', '', ''),
(50, 'BE605634', 'LATIFA', 'DRIOUCH', '', 'BE605634', 'LATIFA', 'DRIOUCH', ''),
(51, '', '', '', '', '', '', '', ''),
(52, 'BE639645', 'ABDELKRIM', 'ACOURTAME', '661077831', 'BE539740', 'HASSNAA', 'BELBAROUDI', '663423114'),
(53, '', '', '', '', '', '', '', ''),
(54, 'W222708', 'ABDELLAH', 'BOULALI', '', '', '', '', ''),
(55, 'B632775', 'ABDELHADI', 'ACHMAOUI', '699778914', 'BJ87962', 'BELALAMI', 'SOUMIA', '658727320'),
(56, '', '', '', '', '', '', '', ''),
(57, 'BJ1420', 'AHMED', 'KASS', '664106075', 'BJ167202', 'AMINA', 'ALHOR', '664765178'),
(58, 'BJ224512', 'ISSAM', 'MEFTAH', '', 'BE60668V', 'CAROLINE', 'BIGTAS', ''),
(59, 'BE623266', 'LAHOUCINE', 'ABOULJIHAD', '673673135', 'BJ282864', 'RABIAA', 'MAZOUZ', '');

-- --------------------------------------------------------

--
-- Structure de la table `pfe`
--

CREATE TABLE `pfe` (
  `id_pfe` int(11) NOT NULL,
  `titre` varchar(500) NOT NULL,
  `filiere` varchar(100) NOT NULL,
  `FkUser` int(11) NOT NULL,
  `description` varchar(1500) NOT NULL,
  `fichier` varchar(500) DEFAULT NULL
) ENGINE=InnoDB DEFAULT CHARSET=utf8 COLLATE=utf8_general_ci;

--
-- Déchargement des données de la table `pfe`
--

INSERT INTO `pfe` (`id_pfe`, `titre`, `filiere`, `FkUser`, `description`, `fichier`) VALUES
(15, 'La Voip', '2', 48, '', NULL),
(16, 'Web et FTP sous Linux', '2', 48, '', NULL),
(17, 'Supervision sous linux', '2', 48, '', NULL),
(18, 'Administration réseau des salles de TP.', '2', 48, '', NULL),
(19, ' Serveur de messagerie sous Windows', '2', 48, '', '#'),
(20, ' Serveur de messagerie sous Linux', '2', 48, '', '#'),
(21, 'application objet perdus', '1', 47, '', NULL),
(23, 'Geestion cabinet médical', '1', 47, '', NULL),
(24, 'Gestion agence immobilier', '1', 47, '', NULL),
(27, 'application service mental', '1', 47, '', NULL),
(28, 'site web décoration intérieur', '1', 47, '', NULL),
(29, 'Réplication en temps réel Master/Slave MySQL﻿', '2', 58, '', NULL),
(30, 'Réplication en temps réel Master/Slave MySQL﻿', '1', 58, 'https://www.it-connect.fr/replication-en-temps-reel-masterslave-mysql%EF%BB%BF/', NULL),
(31, 'Réplication en temps réel Master/Slave MySQL﻿', '2', 58, 'https://www.it-connect.fr/replication-en-temps-reel-masterslave-mysql%EF%BB%BF/', NULL);

-- --------------------------------------------------------

--
-- Structure de la table `posts`
--

CREATE TABLE `posts` (
  `post_id` int(11) NOT NULL,
  `from_user_id` varchar(3) CHARACTER SET latin1 COLLATE latin1_swedish_ci NOT NULL,
  `content` longtext CHARACTER SET latin1 COLLATE latin1_swedish_ci NOT NULL,
  `image` varchar(255) CHARACTER SET latin1 COLLATE latin1_swedish_ci NOT NULL,
  `timestamp` timestamp NOT NULL DEFAULT current_timestamp() ON UPDATE current_timestamp()
) ENGINE=MyISAM DEFAULT CHARSET=utf8 COLLATE=utf8_general_ci;

-- --------------------------------------------------------

--
-- Structure de la table `prof_classes`
--

CREATE TABLE `prof_classes` (
  `id_prof` int(11) NOT NULL,
  `id_class` int(11) NOT NULL
) ENGINE=InnoDB DEFAULT CHARSET=utf8 COLLATE=utf8_general_ci;

--
-- Déchargement des données de la table `prof_classes`
--

INSERT INTO `prof_classes` (`id_prof`, `id_class`) VALUES
(18, 47),
(18, 52);

-- --------------------------------------------------------

--
-- Structure de la table `students`
--

CREATE TABLE `students` (
  `id` int(11) NOT NULL,
  `ideleve` int(50) NOT NULL,
  `rollno` varchar(255) CHARACTER SET latin1 COLLATE latin1_swedish_ci NOT NULL,
  `standerd` varchar(50) CHARACTER SET latin1 COLLATE latin1_swedish_ci NOT NULL,
  `fstname` varchar(50) CHARACTER SET latin1 COLLATE latin1_swedish_ci NOT NULL,
  `lstname` varchar(255) CHARACTER SET latin1 COLLATE latin1_swedish_ci NOT NULL,
  `gender` varchar(255) CHARACTER SET latin1 COLLATE latin1_swedish_ci NOT NULL,
  `contact` varchar(255) CHARACTER SET latin1 COLLATE latin1_swedish_ci DEFAULT NULL,
  `DateNaissance` varchar(50) CHARACTER SET latin1 COLLATE latin1_swedish_ci DEFAULT NULL,
  `email` varchar(255) CHARACTER SET latin1 COLLATE latin1_swedish_ci DEFAULT NULL,
  `password` varchar(255) CHARACTER SET latin1 COLLATE latin1_swedish_ci DEFAULT NULL,
  `image` varchar(255) CHARACTER SET latin1 COLLATE latin1_swedish_ci DEFAULT NULL,
  `adresse` varchar(100) CHARACTER SET latin1 COLLATE latin1_swedish_ci DEFAULT NULL,
  `AnneeScolaire` varchar(50) CHARACTER SET latin1 COLLATE latin1_swedish_ci NOT NULL DEFAULT '2022/2023',
  `Lieu_Naissance` varchar(100) CHARACTER SET latin1 COLLATE latin1_swedish_ci DEFAULT NULL,
  `token` varchar(50) CHARACTER SET latin1 COLLATE latin1_swedish_ci DEFAULT NULL,
  `Numero_Parent` varchar(50) CHARACTER SET latin1 COLLATE latin1_swedish_ci DEFAULT NULL
) ENGINE=MyISAM DEFAULT CHARSET=utf8 COLLATE=utf8_general_ci;

--
-- Déchargement des données de la table `students`
--

INSERT INTO `students` (`id`, `ideleve`, `rollno`, `standerd`, `fstname`, `lstname`, `gender`, `contact`, `DateNaissance`, `email`, `password`, `image`, `adresse`, `AnneeScolaire`, `Lieu_Naissance`, `token`, `Numero_Parent`) VALUES
(1413, 18, 'R136220666', '1BTSDSI-1', 'Jahid', 'Mouad', 'Homme', '', '37949', 'R136220666', 'R136220666', '', '', '2022/2023', 'CASA', '639121a5fae80c70ee4e37b36d79148b', ''),
(1414, 19, 'R136602050', '1BTSDSI-1', 'DARDAOUI', 'HOUDA', 'Femme', '', '38187', 'R136602050', 'R136602050', '', '', '2022/2023', 'CASABLANCA', 'f6987a1af9b6eb4cd35f84c4c68dc8e2', '0668118387'),
(1415, 20, 'R136826371', '1BTSDSI-1', 'SAI EL HAQ', 'Saâd', 'Homme', '', '38303', 'R136826371', 'R136826371', '', '', '2022/2023', 'CASABLANCA', '9d0cf605bbd332624248da032bbfcfe5', '0674020300'),
(1416, 21, 'R137468655', '1BTSDSI-1', 'TAKWA', 'OUSSAMA', 'Homme', '', '38324', 'R137468655', 'R137468655', '', '', '2022/2023', '', 'a9eb63544d8b22f72b2a48e513070223', ''),
(1417, 22, 'R137938445', '1BTSDSI-1', 'BNOULBANE', 'HANAE', 'Femme', '', '38216', 'R137938445', 'R137938445', '', '', '2022/2023', 'CASABLANCA', 'd6fa9d530028ccf4bfdf8e4d58c23ce5', '0668981457'),
(1418, 23, 'R138533548', '1BTSDSI-1', 'KHABAR', 'NOUHAILA', 'Femme', '', '38159', 'R138533548', 'R138533548', '', '', '2022/2023', 'CASABLANCA', 'bcd51345df4c2dc1928491bd2ee21fd6', '0680692630'),
(1419, 24, 'R138536043', '1BTSDSI-1', 'DEHY', 'ILYASS', 'Homme', '', '38334', 'R138536043', 'R138536043', '', '', '2022/2023', 'CASABLANCA', 'e47253f43d4c19c3c14dd2c4bb1d90c3', '0662048029'),
(1420, 25, 'R139765035', '1BTSDSI-1', 'LOUAFY', 'TAHA', 'Homme', '', '38147', 'R139765035', 'R139765035', '', '', '2022/2023', 'Casa', '670f02a99109075133ffe3ecfa466304', '0660113492'),
(1421, 26, 'R140115089', '1BTSDSI-1', 'CHMARKH', 'ABDERRAHMAN', 'Homme', '', '38405', 'R140115089', 'R140115089', '', '', '2022/2023', 'CASABLANCA', '4f9e8d363243a1f175ccb7f2564c3560', ''),
(1422, 27, 'R141050682', '1BTSDSI-1', 'REMMACH', 'WIJDANE', 'Femme', '', '38315', 'R141050682', 'R141050682', '', '', '2022/2023', 'CASABLANCA', 'c81f8dbee74247ec7946f06cd575e71b', ''),
(1423, 28, 'R142088482', '1BTSDSI-1', 'Nafii', 'Mohamed', 'Homme', '', '38036', 'R142088482', 'R142088482', '', '', '2022/2023', 'CASABLANCA', '3d3d574f558f6c50f0fbc7496b5fb18a', '0650191830'),
(1424, 29, 'R143109942', '1BTSDSI-1', 'ABOUSSAAD', 'ROKAYA', 'Femme', '', '37831', 'R143109942', 'R143109942', '', '', '2022/2023', 'CASABLANCA', '2d934f99ede62d1c0e3faa59d60f1bd7', '0660855642'),
(1425, 30, 'R149112550', '1BTSDSI-1', 'MORID', 'SAFAA', 'Femme', '', '38199', 'R149112550', 'R149112550', '', '', '2022/2023', 'Casablanca', '3e45026c3a9d8f631727831e7f82b68e', '0668388148'),
(1426, 17, 'BA30226', '2BTSSRI-1', 'AIT MBAREK', 'YASSINE', 'Homme', '0637242202', '21/12/2022', 'BA30226', 'BA30226', '', '', '2022/2023', 'Casablanca', '21a9d57b2f517da4d72bb70c31b5859b', '0633748270'),
(1412, 17, 'R135586387', '1BTSDSI-1', 'ABDELMOULA', 'FOUAD', 'Homme', '', '38125', 'R135586387', 'R135586387', '', '', '2022/2023', 'Casa', '10a7f17aebe6dd2c0f35c9c4d1127287', ''),
(1334, 13, 'R134460143', '2BTSDSI-1', 'OUCHEN', 'HAMZA', 'Homme', '0647643541', '13/03/2003', 'R134460143', 'R134460143', '', '', '2022/2023', 'casablanca', '1528d7e9d98e626ee2f8ce9103196c16', '0661917884'),
(1335, 14, 'R134748457', '2BTSDSI-1', 'TOUTLA', 'OUSSAMA', 'Homme', '', '29/04/2003', 'R134748457', 'R134748457', '', '', '2022/2023', 'CASABLANCA', 'ae8df5423081f8d290ef3ab19512cf5e', ''),
(1336, 15, 'R136213779', '2BTSDSI-1', 'HAMMOU', 'ACHRAF', 'Homme', '0623986028', '22/01/2004', 'R136213779', 'R136213779', '', '', '2022/2023', 'casablanca', 'bbddad44bf82f76797ad4614f4b94da5', '0636343584'),
(1337, 16, 'R136439546', '2BTSDSI-1', 'BELMOUADDINE', 'MERYEM', 'Femme', '0617408019', '04/06/2003', 'R136439546', 'R136439546', '', '', '2022/2023', 'casablanca', 'b1aa1c3b2437f8cbabf18d193d3e8bda', '0620697766'),
(1338, 17, 'R136687783', '2BTSDSI-1', 'ATIF', 'MOHAMED ALI', 'Homme', '', '17/09/2003', 'R136687783', 'R136687783', '', '', '2022/2023', 'CASABLANCA', '5d34eea087f2bb31cf0792ebd1d9da98', '0643612785'),
(1339, 18, 'R138302912', '2BTSDSI-1', 'KARHAT', 'AMINE', 'Homme', '0691012188', '27/03/2004', 'R138302912', 'R138302912', '', '', '2022/2023', 'CASABLANCA', '6c78fa4585d94a096713a14d705c7b5c', '0679828253'),
(1340, 19, 'R138344570', '2BTSDSI-1', 'GHARMOUL', 'ABDELALI', 'Homme', '', '24/04/2001', 'R138344570', 'R138344570', '', '', '2022/2023', 'SALE', 'ae3743e058a675cdbda9437eb04ff12c', '0661945314'),
(1341, 20, 'R138444943', '2BTSDSI-1', 'ED-DAKKAOUI', 'REDA', 'Homme', '0773254389', '05/08/2003', 'R138444943', 'R138444943', '', '', '2022/2023', 'SIDI BERNOUSSI', 'b92cfa9b7837459eb710b8c672fd53a3', '0664474723'),
(1342, 21, 'R138697164', '2BTSDSI-1', 'ATIF', 'MOHAMED REDA', 'Homme', '', '17/09/2003', 'R138697164', 'R138697164', '', '', '2022/2023', 'casa', '5ef8df9613cbe4a59687e5b459e4a3a0', '0643612785'),
(1343, 22, 'R139427210', '2BTSDSI-1', 'BOUYOUSSEF', 'AYMEN', 'Homme', '', '03/12/2003', 'R139427210', 'R139427210', '', '', '2022/2023', 'ZENATA SIDI BERNOUSSI', '56af63e902a04f51f7894da0572e36c8', '0645240641'),
(1344, 23, 'R140030284', '2BTSDSI-1', 'SAIELHAQ', 'Hala', 'Femme', '0649566730', '29/11/2003', 'R140030284', 'R140030284', '', '', '2022/2023', 'Casablanca', '7fcf5771c82a0215308d7b4bec1d6fc7', '0674020300'),
(1345, 24, 'R142070065', '2BTSDSI-1', 'EL MOUSSI', 'HIND', 'Femme', '0613650580', '03/05/2002', 'R142070065', 'R142070065', '', '', '2022/2023', 'casablanca', '519791a92c1dec46c28e30df26fdee77', '0663022918'),
(1346, 1, 'R100045686', '2BTSSRI-1', 'HAZIM', 'NOUHAILA', 'Femme', '', '16/06/2003', 'R100045686', 'R100045686', '', '', '2022/2023', '', '46c8e97e0dcc3d73709ccacfade65abb', '0661952319'),
(1347, 2, 'R130081479', '2BTSSRI-1', 'LAZRAK', 'NISRINE', 'Femme', '', '09/10/2003', 'R130081479', 'R130081479', '', '', '2022/2023', 'CASABLANCA', '3de5ca19b9b106ef58dceaf8a47aa2d0', '0667218906'),
(1348, 3, 'R130165785', '2BTSSRI-1', 'KOUTAIR', 'HAMZA', 'Homme', '', '21/05/2003', 'R130165785', 'R130165785', '', '', '2022/2023', 'CASABLANCA', '600d1add06ca1836941923b0b6c7c545', ''),
(1349, 4, 'R130184058', '2BTSSRI-1', 'OUKADA', 'OTHMANE', 'Homme', '', '08/07/2003', 'R130184058', 'R130184058', '', '', '2022/2023', 'Casablanca', '63e16c88ad7602c30af6b13a465e2643', '0604253304'),
(1350, 5, 'R130283027', '2BTSSRI-1', 'ES SADKI', 'AYMANE', 'Homme', '', '17/08/2002', 'R130283027', 'R130283027', '', '', '2022/2023', 'CASABLANCA', '77a190b6203cf66c728b93b719853cea', ''),
(1351, 6, 'R130870929', '2BTSSRI-1', 'ISLAH', 'MOHAMMED TAHA', 'Homme', '', '01/11/2003', 'R130870929', 'R130870929', '', '', '2022/2023', 'CASABLANCA', '15c31fd952a543d7cf6c64c50ee939b3', '0661770328'),
(1352, 7, 'R131460185', '2BTSSRI-1', 'AIT IDDER', 'ADNAN', 'Homme', '', '22/05/2003', 'R131460185', 'R131460185', '', '', '2022/2023', 'Marrakech', '5b0efd31e1d8f0db744f6a5349da80ef', ''),
(1353, 8, 'R131916213', '2BTSSRI-1', 'TALMST', 'HAMZA', 'Homme', '', '30/04/2003', 'R131916213', 'R131916213', '', '', '2022/2023', 'casablanca', '4a24aaadb27f769729518481f401a8f6', '0611530090'),
(1354, 9, 'R132628915', '2BTSSRI-1', 'MOURAFIQ', 'MOUÂD', 'Homme', '', '25/01/2003', 'R132628915', 'R132628915', '', '', '2022/2023', 'CASABLANCA', '476601ad36c236c2b8f17077a6a97f32', ''),
(1355, 10, 'R133486303', '2BTSSRI-1', 'HENDI', 'JIHAD', 'Femme', '', '03/02/2004', 'R133486303', 'R133486303', '', '', '2022/2023', 'CALCINATE ITALIE', '087cbb21c32d47afebf1d7459c391fd3', ''),
(1356, 11, 'R133533623', '2BTSSRI-1', 'NEJMI', 'HOUSSAM', 'Homme', '', '30/08/2003', 'R133533623', 'R133533623', '', '', '2022/2023', 'CASABLANCA', '49b8ecfa112ef9bec9b95134b415f101', '0674905348'),
(1357, 12, 'R135501530', '2BTSSRI-1', 'IHAM', 'SOUFIANE', 'Homme', '', '23/07/2003', 'R135501530', 'R135501530', '', '', '2022/2023', 'CASABLANCA', '95cddf245d2acb744c247f76047d65a0', '0671135112'),
(1358, 13, 'R136469246', '2BTSSRI-1', 'ZOUHRI', 'SAFAE', 'Femme', '', '03/05/2003', 'R136469246', 'R136469246', '', '', '2022/2023', 'CASABLANCA', '3afc1d79274a6b015ec05e99deaf8bab', ''),
(1359, 14, 'R137277512', '2BTSSRI-1', 'SAHIF', 'YOUSSEF', 'Homme', '', '25/12/2003', 'R137277512', 'R137277512', '', '', '2022/2023', 'casablanca', 'f9c04f114c5754b9938a53f3177db77f', '0684007446'),
(1360, 15, 'R137311000', '2BTSSRI-1', 'JOUNDI', 'MALAK', 'Femme', '', '05/03/2004', 'R137311000', 'R137311000', '', '', '2022/2023', 'CASA', 'e631760901bbada4a947c9edd38605cf', '0675065747'),
(1361, 16, 'R137778721', '2BTSSRI-1', 'SERGATI', 'AYMANE', 'Homme', '', '20/05/2003', 'R137778721', 'R137778721', '', '', '2022/2023', 'CASABLNCA', '78ff9f4495b1133fc36086691294da1f', '0661977035'),
(1362, 18, 'R140121662', '2BTSSRI-1', 'HAJJI', 'AYOUB', 'Homme', '', '17/02/1999', 'R140121662', 'R140121662', '', '', '2022/2023', 'CASABLANCA LAHRAOUIINE', '01faa310c8d8e1ef46cbd18f91787dda', '0665211874'),
(1363, 19, 'R142075488', '2BTSSRI-1', 'EL BAYED', 'GHITA', 'Femme', '', '17/11/2002', 'R142075488', 'R142075488', '', '', '2022/2023', 'CASABLANCA', 'a36275adb7047f5be42c6c7c0870e38c', ''),
(1364, 20, 'R145020794', '2BTSSRI-1', 'ZAGGAF', 'HOUSSAM', 'Homme', '', '29/08/2003', 'R145020794', 'R145020794', '', '', '2022/2023', 'CASABLANCA', '6a81796c530264fbe3ac86a57d3c4e4b', '0655551571'),
(1365, 21, 'R149085415', '2BTSSRI-1', 'KHAMMAL', 'MAROUA', 'Femme', '', '29/10/2003', 'R149085415', 'R149085415', '', '', '2022/2023', 'AIN HAROUDA', '42de9ec1f185a0647ee4b446cf690490', '0601633578'),
(1366, 1, 'R120034031', '1BTSSRI-1', 'AHMANE', 'Hajar', 'Femme', '', '37660', 'R120034031', 'R120034031', '', '', '2022/2023', 'Casablanca', 'ae3eca7a01eb9b31c1c2e7c4d2b618d9', '0673697101'),
(1367, 2, 'R130094423', '1BTSSRI-1', 'MOUAOUIYA', 'ASSIA', 'Femme', '', '38319', 'R130094423', 'R130094423', '', '', '2022/2023', 'CASABLANCA', '2a0bac5a7ba8e650a1ebe86d8f77ef8f', ''),
(1368, 3, 'R130105084', '1BTSSRI-1', 'Ettalbi', 'mohamed', 'Homme', '', '37776', 'R130105084', 'R130105084', '', '', '2022/2023', 'Casa', 'a9622f59258df4801d63945f5767bbc4', ''),
(1369, 4, 'R130132359', '1BTSSRI-1', 'MASKI', 'ABDERRAHMANE', 'Homme', '', '38331', 'R130132359', 'R130132359', '', '', '2022/2023', 'CASABLANCA', '9228cdbb11b1ccdf70c26b88b63748a8', ''),
(1370, 5, 'R130279276', '1BTSDSI-1', 'RQUAIBI', 'DOUÂA', 'Femme', '', '38441', 'R130279276', 'R130279276', '', '', '2022/2023', 'CASABLANCA', '917c0118a3e6600c22ab391a3f65fe5f', '0679424825'),
(1371, 6, 'R130399105', '1BTSSRI-1', 'IFQUIRNE', 'RANIA', 'Femme', '', '38119', 'R130399105', 'R130399105', '', '', '2022/2023', 'MARRAKECH', 'd049972308744f15463cb4287d22527e', ''),
(1372, 7, 'R130483696', '1BTSSRI-1', 'Niri', 'Ayoub', 'Homme', '', '38183', 'R130483696', 'R130483696', '', '', '2022/2023', 'SETTAT', '3884cf08758427e052e387aa8b222143', ''),
(1373, 8, 'R130801593', '1BTSSRI-1', 'OUAMNI', 'HIBA', 'Femme', '', '38332', 'R130801593', 'R130801593', '', '', '2022/2023', 'CASABLANCA', 'c2c3109cb8f34bc3a3dc89bc708cf775', ''),
(1374, 9, 'R131432490', '1BTSSRI-1', 'ZBARI', 'AYA', 'Femme', '', '38250', 'R131432490', 'R131432490', '', '', '2022/2023', 'Casablanca', 'fb8b8b4bd34b541d92aad4a0e6021d72', ''),
(1375, 10, 'R132223999', '1BTSSRI-1', 'AIT ELHACHMI', 'ACHRAF', 'Homme', '', '38234', 'R132223999', 'R132223999', '', '', '2022/2023', 'CASABLANCA', '86ac1c146f08c4d8fb512d08c2adf2fb', ''),
(1376, 11, 'R132535273', '1BTSSRI-1', 'DAHBI', 'MERIEM', 'Femme', '', '38239', 'R132535273', 'R132535273', '', '', '2022/2023', 'CASABLANCA', '66346fda55380272f33c027ce7ab012e', ''),
(1377, 12, 'R132728924', '1BTSSRI-1', 'HACHIM', 'AYA', 'Femme', '', '38155', 'R132728924', 'R132728924', '', '', '2022/2023', 'CASABLANCA', 'f273a05ac093f57fe12516939a291c23', ''),
(1378, 13, 'R133300547', '1BTSSRI-1', 'NAJMI', 'LAHCEN', 'Homme', '', '38126', 'R133300547', 'R133300547', '', '', '2022/2023', 'CASABLANCA', 'ad7710a3117e5ba4a520f6e6ca57b8cc', ''),
(1379, 14, 'R133308042', '1BTSSRI-1', 'AIT KABIR', 'AYOUB', 'Homme', '', '38163', 'R133308042', 'R133308042', '', '', '2022/2023', 'Casablanca', '45a17bdd5aaf928a8ce502b7ea12a713', ''),
(1380, 15, 'R133420066', '1BTSSRI-1', 'DIBT', 'OMAR', 'Homme', '', '38156', 'R133420066', 'R133420066', '', '', '2022/2023', 'CASABLANCA', '6e9fbe6ba86fec61dccec7809a810af3', ''),
(1381, 16, 'R133446603', '1BTSSRI-1', 'BOUBRIK', 'SARA', 'Femme', '', '37838', 'R133446603', 'R133446603', '', '', '2022/2023', 'casablanca', '39aee3281107938667243a6c7a7255d9', ''),
(1382, 17, 'R134231681', '1BTSSRI-1', 'RHADBOUN', 'ACHRAF', 'Homme', '', '38293', 'R134231681', 'R134231681', '', '', '2022/2023', 'Casablanca', '0d809ef5d26d5c4a38beee92a6cc8d02', ''),
(1383, 18, 'R134830406', '1BTSSRI-1', 'EZ-ZAKI', 'JAWAD', 'Homme', '', '38145', 'R134830406', 'R134830406', '', '', '2022/2023', 'CASA', '4e39cea9940b2d7fe5207582e07bd304', ''),
(1384, 19, 'R135748158', '1BTSSRI-1', 'SABHI', 'AZIZA', 'Femme', '', '37350', 'R135748158', 'R135748158', '', '', '2022/2023', 'CASABLANCA', '71eb3c5f91fba9c915e21fa28150bcdf', ''),
(1385, 20, 'R136472845', '1BTSSRI-1', 'DAKOUANE', 'ZINEB', 'Femme', '', '38257', 'R136472845', 'R136472845', '', '', '2022/2023', 'Casablanca', '334ae1507f22bffbf93d15a4dd957a41', ''),
(1386, 21, 'R137413848', '1BTSSRI-1', 'MARGHALA', 'FIRDAOUSSE', 'Femme', '', '38320', 'R137413848', 'R137413848', '', '', '2022/2023', 'CASABLANCA', 'fdacccde50337134a113d0b137ab1660', ''),
(1387, 22, 'R137808768', '1BTSSRI-1', 'FENNANE', 'EL MEHDI', 'Homme', '', '38207', 'R137808768', 'R137808768', '', '', '2022/2023', 'Casablanca', '752d926ad88726da756a9bfb0e9abcc5', ''),
(1388, 23, 'R139385042', '1BTSSRI-1', 'DHAIM', 'SOUKAINA', 'Femme', '', '37929', 'R139385042', 'R139385042', '', '', '2022/2023', 'CASABLANCA', '1f369ed8da2c68ae608c8890c3908f4d', ''),
(1389, 24, 'R139469119', '1BTSSRI-1', 'CHBANE', 'LABIB', 'Homme', '', '38365', 'R139469119', 'R139469119', '', '', '2022/2023', 'Casablanca', 'c505a9087bd8e2aef166797908c4d7c2', ''),
(1390, 25, 'R139864074', '1BTSSRI-1', 'BOUHALI', 'HAFSA', 'Femme', '', '38107', 'R139864074', 'R139864074', '', '', '2022/2023', 'SIDI BELYOUT CASABLANCA ANFA', 'eb1ae0b9042df2b223c00b406c7b867d', ''),
(1391, 26, 'R140110238', '1BTSSRI-1', 'kaouti', 'yasser', 'Homme', '', '38352', 'R140110238', 'R140110238', '', '', '2022/2023', '', '90baef68d27a63f9403c889d6c789acf', ''),
(1392, 27, 'R142067406', '1BTSSRI-1', 'SAMROUN', 'EL MEHDI', 'Homme', '', '37069', 'R142067406', 'R142067406', '', '', '2022/2023', 'CASABLANCA', '58a03b3373333ed3654b6af87cf47d7c', ''),
(1393, 28, 'R143047949', '1BTSSRI-1', 'KARAMA', 'ALI', 'Homme', '', '38203', 'R143047949', 'R143047949', '', '', '2022/2023', 'Casablanca', 'c87a16a5e0ec4082ef22398b7f8ca59d', ''),
(1394, 29, 'R144036542', '1BTSSRI-1', 'CHARKATI', 'SEIFEDDINE', 'Homme', '', '38173', 'R144036542', 'R144036542', '', '', '2022/2023', 'CASABLANCA', 'b18e9deade976baed0b19a23d914c4d0', ''),
(1395, 30, 'S130054702', '1BTSSRI-1', 'EL  MOUCHOUAT', 'YASSIR', 'Homme', '', '37670', 'S130054702', 'S130054702', '', '', '2022/2023', 'TAZA', 'fe438c75c522914c25190c8ed3587ab8', ''),
(1396, 1, 'F131216404', '1BTSDSI-1', 'EL-MGHARI', 'BASSMA', 'Femme', '', '38161', 'F131216404', 'F131216404', '', '', '2022/2023', ' Ben Slimane RDADNA OULAD MALEK', '71c7c191a1c78c14514c7df9a53d5082', '0666271647'),
(1397, 2, 'K136276273', '1BTSDSI-1', 'Ilham', 'Elharchaouy', 'Femme', '', '38081', 'K136276273', 'K136276273', '', '', '2022/2023', 'safi', '67082b459ea91fbab2899397773fc2a3', ''),
(1398, 3, 'N132378545', '1BTSDSI-1', 'HMAMOUCHI', 'KHALIL', 'Homme', '', '38243', 'N132378545', 'N132378545', '', '', '2022/2023', 'casablanca', '4d78220be34ed78f2348bd410a5b1357', '0623316375'),
(1399, 4, 'N135364384', '1BTSDSI-1', 'TANJI', 'Haytham', 'Homme', '', '38121', 'N135364384', 'N135364384', '', '', '2022/2023', 'LAAYOUNE', '2960b2ed1e5b995c6f567bdad569bc91', '0631782628'),
(1400, 5, 'R130026424', '1BTSDSI-1', 'modakir', 'Morad', 'Homme', '', '38353', 'R130026424', 'R130026424', '', '', '2022/2023', 'CASABLANCA', '17abc448c7ee71f79e0750b3d57d4051', ''),
(1401, 6, 'R130044793', '1BTSDSI-1', 'Banouni', 'Yassine', 'Homme', '', '38410', 'R130044793', 'R130044793', '', '', '2022/2023', 'CASABLANCA', '1e18dc22ef577c1e9164c355f6a63ef9', '0661835134'),
(1402, 7, 'R130175026', '1BTSDSI-1', 'AL SAMMAN', 'Mohamed moatassim', 'Homme', '', '38380', 'R130175026', 'R130175026', '', '', '2022/2023', 'casablanca', 'e4a6cccb194b398dc98fd78c9ee7070a', '0622330459'),
(1403, 8, 'R130601769', '1BTSDSI-1', 'GUERMELLOU', 'MOHAMED REDA', 'Homme', '', '38418', 'R130601769', 'R130601769', '', '', '2022/2023', 'casablanca', '7c2bffcaf17db5ef968c24461f1639f2', '0661796841'),
(1404, 9, 'R132309104', '1BTSDSI-1', 'BOUSNITRA', 'DOUAA', 'Femme', '', '38308', 'R132309104', 'R132309104', '', '', '2022/2023', 'CASA', '6eb1549001a79460c300a4733dfc290b', '0662159404'),
(1405, 10, 'R132326279', '1BTSDSI-1', 'ECHBANI EL IDRISSI', 'AYA', 'Femme', '', '38145', 'R132326279', 'R132326279', '', '', '2022/2023', 'CASABLANCA', 'fc4541cb8aca06579abaa10eb2e499c0', '0664011723'),
(1406, 11, 'R132442035', '1BTSDSI-1', 'GORRAM', 'ABDERRAHMANE', 'Homme', '', '38346', 'R132442035', 'R132442035', '', '', '2022/2023', 'CASABLANCA', '7eb75951d701f0a33250ca3c962b9395', '0661786236'),
(1407, 12, 'R132582692', '1BTSDSI-1', 'NADI', 'MOHAMED ILYASS', 'Homme', '', '38236', 'R132582692', 'R132582692', '', '', '2022/2023', 'Casablanca', '22cb3a470acaa5ddb2ee51f85d762575', ''),
(1408, 13, 'R132611149', '1BTSDSI-1', 'Amirich', 'Ayoub', 'Homme', '', '38319', 'R132611149', 'R132611149', '', '', '2022/2023', 'casablanca', 'da90d4697e18a81058dceb5d27a7e57f', '0629350099'),
(1409, 14, 'R134219688', '1BTSDSI-1', 'TALIBI', 'YAHYA', 'Homme', '', '38193', 'R134219688', 'R134219688', '', '', '2022/2023', 'CASABLANCA', '645cc81f3565fe25b7b21ef30d4342ad', ''),
(1410, 15, 'R135225245', '1BTSDSI-1', 'ACHAK', 'SARA', 'Femme', '', '38102', 'R135225245', 'R135225245', '', '', '2022/2023', 'CASA', 'dc41a3a673200e5acdb4c32cd786690c', '0651472758'),
(1411, 16, 'R135472869', '1BTSDSI-1', 'KHOUMRI', 'TARIK', 'Homme', '', '38168', 'R135472869', 'R135472869', '', '', '2022/2023', 'casa', '5616169958a356bccc810cf1c42006df', '0670860126'),
(1333, 12, 'R133597191', '2BTSDSI-1', 'GOUDOU', 'MOHAMMED AMINE', 'Homme', '0600995975', '19/03/2000', 'R133597191', 'R133597191', '', '', '2022/2023', 'CASABLANCA', '86cf00020e71af655a87bcb1a0515779', '0615464058'),
(1332, 11, 'R133564108', '2BTSDSI-1', 'BEL FKIH', 'BADIA', 'Femme', '0660095763', '21/12/2003', 'R133564108', 'R133564108', '', '', '2022/2023', 'Casablanca', 'b82db12b1d5d985571d688198ab6afa5', '0664455490'),
(1331, 10, 'R132513312', '2BTSDSI-1', 'MAJD', 'ADAM', 'Homme', '0657982887', '10/07/2003', 'R132513312', 'R132513312', '', '', '2022/2023', 'CASABLANCA', '124a39e490531d3975d94a09c480e1ca', '0603182427'),
(1322, 1, 'F134192817', '2BTSDSI-1', 'HAIDA', 'NAZHA', 'Femme', '0632194661', '16/01/2003', 'F134192817', 'F134192817', '', '', '2022/2023', 'RAS EL AIN SETTAT', 'c509ded8f892f5357b7c742049d598e5', '0638841687'),
(1323, 2, 'R130034923', '2BTSDSI-1', 'RAHALI', 'FAHD', 'Homme', '', '05/02/2004', 'R130034923', 'R130034923', '', '', '2022/2023', 'CASABLANCA', 'dedb3fc2922a831af748c9158dc419aa', '0698181512'),
(1324, 3, 'R130093602', '2BTSDSI-1', 'ÂMIL', 'ABDELFETTAH', 'Homme', '0606815756', '03/02/2004', 'R130093602', 'R130093602', '', '', '2022/2023', 'CASABLANCA', '7a31b842bbc06464ec1e546f7d9dba4b', '0615759068'),
(1325, 4, 'R130134255', '2BTSDSI-1', 'FATHI', 'OTHMANE', 'Homme', '0625673456', '15/03/2004', 'R130134255', 'R130134255', '', '', '2022/2023', 'CASABLANCA', 'aeb6735e44647d88b3229cd0b65b31ac', '0622785400'),
(1326, 5, 'R130550105', '2BTSDSI-1', 'ERRAMI', 'MOUNIR', 'Homme', '0628755245', '18/06/2003', 'R130550105', 'R130550105', '', '', '2022/2023', 'CASA BLANCA', 'dd284f2428922875c3cc5e5c822b86ab', '0663063640'),
(1327, 6, 'R130901100', '2BTSDSI-1', 'TSAY', 'MALAK', 'Femme', '0605221861', '29/11/2003', 'R130901100', 'R130901100', '', '', '2022/2023', 'casablanca', '32e7ff83aabc1522cc1f193865eaddf3', '0635548052'),
(1328, 7, 'R131341624', '2BTSDSI-1', 'aboulkhair', 'chaima', 'Femme', '', '17/08/2003', 'R131341624', 'R131341624', '', '', '2022/2023', 'Eljadida', '167088ba90e5c7775a082567f120f82b', '0662824711'),
(1329, 8, 'R131568864', '2BTSDSI-1', 'BAMOHAMED', 'OMAR', 'Homme', '0626157961', '13/08/2003', 'R131568864', 'R131568864', '', '', '2022/2023', 'Casablanca', '8ce8f511085d725ccb3f34c9973126c7', '0667524349'),
(1330, 9, 'R131885625', '2BTSDSI-1', 'OUAAR', 'MARWA', 'Femme', '0655830023', '29/09/2002', 'R131885625', 'R131885625', '', '', '2022/2023', 'MOHAMMEDIA', '87efa4191a360b9f204b8cb370f11994', '0630319630'),
(1427, 1, 'B137057884', 'TCSF-1', 'ASRI', 'AKRAM', 'Homme', NULL, NULL, 'B137057884', 'B137057884', NULL, NULL, '2022/2023', NULL, '740ff4c0aaf0a146f4f80da76e9bcb2f', NULL),
(1428, 2, 'G131798461', 'TCSF-1', 'MOUHAJIR', 'Salma', 'Femme', NULL, NULL, 'G131798461', 'G131798461', NULL, NULL, '2022/2023', NULL, '140424343b381a18defd7d0f55be3d5f', NULL),
(1429, 3, 'G133811216', 'TCSF-1', 'EL BOUÂCHI', 'DOUÂA', 'Femme', NULL, NULL, 'G133811216', 'G133811216', NULL, NULL, '2022/2023', NULL, 'e154916525996b72a32d8fe59ed7c2be', NULL),
(1430, 4, 'K135518862', 'TCSF-1', 'KACIMI', 'Mounir', 'Homme', NULL, NULL, 'K135518862', 'K135518862', NULL, NULL, '2022/2023', NULL, '5f3cd9b96659c16e4205a1b00cc195db', NULL),
(1431, 5, 'M137476889', 'TCSF-1', 'JAOUAT', 'ABRAR', 'Femme', NULL, NULL, 'M137476889', 'M137476889', NULL, NULL, '2022/2023', NULL, 'b643e0e40ab083a36fa994a850e5d085', NULL),
(1432, 6, 'R130716081', 'TCSF-1', 'NAJI', 'MALAK', 'Femme', NULL, NULL, 'R130716081', 'R130716081', NULL, NULL, '2022/2023', NULL, 'e6415d501c55183bb5e5c6ed0fd44e87', NULL),
(1433, 7, 'R131737331', 'TCSF-1', 'harakat', 'ferdaous', 'Femme', NULL, NULL, 'R131737331', 'R131737331', NULL, NULL, '2022/2023', NULL, '46cb3742f830b6cfe76cf9e5167d9665', NULL),
(1434, 8, 'R131815283', 'TCSF-1', 'CHEMS EDDINE IDRISSI', 'MOUNIR ', 'Homme', NULL, NULL, 'R131815283', 'R131815283', NULL, NULL, '2022/2023', NULL, '2814ffad94482a4e872004944feb6abb', NULL),
(1435, 9, 'R132788291', 'TCSF-1', 'HAKIM', 'NIÎMA', 'Femme', NULL, NULL, 'R132788291', 'R132788291', NULL, NULL, '2022/2023', NULL, '5e3780fa43483a46f28587a1b7332bda', NULL),
(1436, 10, 'R133737082', 'TCSF-1', 'lasmak', 'mohammed amine', 'Homme', NULL, NULL, 'R133737082', 'R133737082', NULL, NULL, '2022/2023', NULL, 'a24f7283a08aa867e2a95b5347f35737', NULL),
(1437, 11, 'R134773869', 'TCSF-1', 'SABRI', 'KHOLOUD', 'Femme', NULL, NULL, 'R134773869', 'R134773869', NULL, NULL, '2022/2023', NULL, '6f34c860441a5b8ede22e43f6579768f', NULL),
(1438, 12, 'R134791311', 'TCSF-1', 'FAHER', 'Amina', 'Femme', NULL, NULL, 'R134791311', 'R134791311', NULL, NULL, '2022/2023', NULL, '97ad02f65e773fe5686c4720068c08c7', NULL),
(1439, 13, 'R134895093', 'TCSF-1', 'AL KHADIR', 'IMANE', 'Femme', NULL, NULL, 'R134895093', 'R134895093', NULL, NULL, '2022/2023', NULL, 'bc841dc17c5fdb8f014708673a04f239', NULL),
(1440, 14, 'R135891647', 'TCSF-1', 'MAROUANE', 'TAHA', 'Homme', NULL, NULL, 'R135891647', 'R135891647', NULL, NULL, '2022/2023', NULL, '362c8911773848e3a076da97a06c8e43', NULL),
(1441, 15, 'R135902673', 'TCSF-1', 'KAMEL', 'YOUSSEF', 'Homme', NULL, NULL, 'R135902673', 'R135902673', NULL, NULL, '2022/2023', NULL, '0355b19385dc63f423eb4ca1beace95d', NULL),
(1442, 16, 'R135920641', 'TCSF-1', 'NASSIRI', 'AÏCHA', 'Femme', NULL, NULL, 'R135920641', 'R135920641', NULL, NULL, '2022/2023', NULL, '1f6dd2076550d350c3fbaea48089c00e', NULL),
(1443, 17, 'R136737933', 'TCSF-1', 'HERRAZ', 'Sara', 'Femme', NULL, NULL, 'R136737933', 'R136737933', NULL, NULL, '2022/2023', NULL, '25faa88440f6778719244a1cb3073967', NULL),
(1444, 18, 'R136739890', 'TCSF-1', 'Rifoun', 'Aya', 'Femme', NULL, NULL, 'R136739890', 'R136739890', NULL, NULL, '2022/2023', NULL, 'fab1dd06eda7522c7d331982396da841', NULL),
(1445, 19, 'R136778380', 'TCSF-1', 'BOULHOUSS', 'Zakaria', 'Homme', NULL, NULL, 'R136778380', 'R136778380', NULL, NULL, '2022/2023', NULL, '577e357add57a0752680f53868d3a17e', NULL),
(1446, 20, 'R136790086', 'TCSF-1', 'LYAMANI', 'KHAWLA', 'Femme', NULL, NULL, 'R136790086', 'R136790086', NULL, NULL, '2022/2023', NULL, 'e3c019d9c29ef3cf518fa46e2aee08a7', NULL),
(1447, 21, 'R136817295', 'TCSF-1', 'JDER', 'ILYASSE', 'Homme', NULL, NULL, 'R136817295', 'R136817295', NULL, NULL, '2022/2023', NULL, '981a166a08ff3dc6d60e486da523c2ff', NULL),
(1448, 22, 'R137892152', 'TCSF-1', 'Rayane', 'Zaim', 'Homme', NULL, NULL, 'R137892152', 'R137892152', NULL, NULL, '2022/2023', NULL, 'bcdfdd2694abf92d7cc033b194ac9e4b', NULL),
(1449, 23, 'R137895285', 'TCSF-1', 'ESSABBAGUI', 'NADA', 'Femme', NULL, NULL, 'R137895285', 'R137895285', NULL, NULL, '2022/2023', NULL, 'a7787914ce91fe3de2040bf79ddcc279', NULL),
(1450, 24, 'R137902688', 'TCSF-1', 'HAMOUMANE', 'MERIEM', 'Femme', NULL, NULL, 'R137902688', 'R137902688', NULL, NULL, '2022/2023', NULL, 'a94d87bf0c527a3661640f2158a0610d', NULL),
(1451, 25, 'R138720475', 'TCSF-1', 'MAZOUZI', 'IKRAM', 'Femme', NULL, NULL, 'R138720475', 'R138720475', NULL, NULL, '2022/2023', NULL, '0c820affa4a7e5c77d1054a9d05c91a6', NULL),
(1452, 26, 'R138746330', 'TCSF-1', 'ELMOUKAOUIM', 'WISSAL', 'Femme', NULL, NULL, 'R138746330', 'R138746330', NULL, NULL, '2022/2023', NULL, 'ca17d4fbe0f23afe50df1acfd0155e82', NULL),
(1453, 27, 'R138817280', 'TCSF-1', 'ET-TALEB', 'RABAB', 'Femme', NULL, NULL, 'R138817280', 'R138817280', NULL, NULL, '2022/2023', NULL, '25a6d30d76a1f505d111a7d20eb5d028', NULL),
(1454, 28, 'R138835584', 'TCSF-1', 'JABAL', 'CHAHD', 'Femme', NULL, NULL, 'R138835584', 'R138835584', NULL, NULL, '2022/2023', NULL, 'c1ad79a0ec29081f8e33527adf150775', NULL),
(1455, 29, 'R141025780', 'TCSF-1', 'JAOUANE', 'WIJDANE', 'Femme', NULL, NULL, 'R141025780', 'R141025780', NULL, NULL, '2022/2023', NULL, '92d79fdcd803833a25edb8d3da402dee', NULL),
(1456, 30, 'R143013482', 'TCSF-1', 'LOUDAGH', 'RAYANE', 'Homme', NULL, NULL, 'R143013482', 'R143013482', NULL, NULL, '2022/2023', NULL, '7c8fd08ea789a9a5ed3cdab1eec243d8', NULL),
(1457, 31, 'R143059700', 'TCSF-1', 'KAHOUAJANE', 'MOULAY DRISS', 'Homme', NULL, NULL, 'R143059700', 'R143059700', NULL, NULL, '2022/2023', NULL, '3a8e0ebbee5319a6054ce2b18e1f9dfe', NULL),
(1458, 32, 'R145014126', 'TCSF-1', 'ELBAZ', 'ZAKARIA', 'Homme', NULL, NULL, 'R145014126', 'R145014126', NULL, NULL, '2022/2023', NULL, '1b5c29a56bade33ecea188130fc7f907', NULL),
(1459, 33, 'R145083402', 'TCSF-1', 'BENTAIBI', 'WALID', 'Homme', NULL, NULL, 'R145083402', 'R145083402', NULL, NULL, '2022/2023', NULL, 'eb69ede8312eac047fb16020a9390fba', NULL),
(1460, 34, 'R137827812', 'TCSF-1', 'FARES', 'OTHMANE', 'Homme', NULL, NULL, 'R137827812', 'R137827812', NULL, NULL, '2022/2023', NULL, 'b378840b3907e51e5acd038f45d98cf2', NULL),
(1461, 35, 'K144006339', 'TCSF-1', 'THABIT', 'MALAK', 'Femme', NULL, NULL, 'K144006339', 'K144006339', NULL, NULL, '2022/2023', NULL, '1428821fb43bc689f933dde6403cc9f2', NULL),
(1462, 36, 'R130784388', 'TCSF-1', 'ASMAN', 'YAHYA', 'Homme', NULL, NULL, 'R130784388', 'R130784388', NULL, NULL, '2022/2023', NULL, '50b8ad9779532c630e312df470771e7b', NULL),
(1463, 37, 'R142072729', 'TCSF-1', 'RKIZAT', 'ZAKARIAE', 'Homme', NULL, NULL, 'R142072729', 'R142072729', NULL, NULL, '2022/2023', NULL, '94392ffc787f39ec95cf61ec78a61ffe', NULL),
(1464, 1, 'R130801385', 'TCSF-2', 'BECHAR', 'Aya ', 'Femme', NULL, NULL, 'R130801385', 'R130801385', NULL, NULL, '2022/2023', NULL, '3627cb2be208e1cacb9b93c4607efdcc', NULL),
(1465, 2, 'R130846007', 'TCSF-2', 'Chlih', 'Khadija', 'Femme', NULL, NULL, 'R130846007', 'R130846007', NULL, NULL, '2022/2023', NULL, 'e04352789d64fb97a6205910690e7585', NULL),
(1466, 3, 'R130879458', 'TCSF-2', 'ELFANOUNI ', 'Chaïmaa', 'Femme', NULL, NULL, 'R130879458', 'R130879458', NULL, NULL, '2022/2023', NULL, '294d976504631520a00762529000daca', NULL),
(1467, 4, 'R131736207', 'TCSF-2', 'GARDA', 'Mohamed Amine', 'Homme', NULL, NULL, 'R131736207', 'R131736207', NULL, NULL, '2022/2023', NULL, '70571ae027fa64d2fcc05557c01fe9a8', NULL),
(1468, 5, 'R131818830', 'TCSF-2', 'JBILI', 'ABDELLAH', 'Homme', NULL, NULL, 'R131818830', 'R131818830', NULL, NULL, '2022/2023', NULL, '6280b183d3003a311a98329e6f11bb87', NULL),
(1469, 6, 'R131894599', 'TCSF-2', 'BAHADI', 'MARWA', 'Femme', NULL, NULL, 'R131894599', 'R131894599', NULL, NULL, '2022/2023', NULL, 'ec8808d606bb7fb5e18b4cc4acf3c616', NULL),
(1470, 7, 'R132726305', 'TCSF-2', 'ASMAR', 'KHADIJA', 'Femme', NULL, NULL, 'R132726305', 'R132726305', NULL, NULL, '2022/2023', NULL, 'ca925ee8c5318875292ec5ab61e1cf93', NULL),
(1471, 8, 'R133737438', 'TCSF-2', 'hamoumane', 'badr eddine', 'Homme', NULL, NULL, 'R133737438', 'R133737438', NULL, NULL, '2022/2023', NULL, '4665545fe7fe3049dd707ad241e4a256', NULL),
(1472, 9, 'R133739894', 'TCSF-2', 'Chatib', 'Hajar', 'Femme', NULL, NULL, 'R133739894', 'R133739894', NULL, NULL, '2022/2023', NULL, '6ba600c17bfc33dc7956a2f9b7570575', NULL),
(1473, 10, 'R133835164', 'TCSF-2', 'MAMDOUH', 'AYA', 'Femme', NULL, NULL, 'R133835164', 'R133835164', NULL, NULL, '2022/2023', NULL, 'ec1b7b98e52ea15815556dd25fb99e46', NULL),
(1474, 11, 'R133846391', 'TCSF-2', 'EL KASRI', 'ADAM', 'Homme', NULL, NULL, 'R133846391', 'R133846391', NULL, NULL, '2022/2023', NULL, '227eea96e75abaa4626fd2f9a673ac6d', NULL),
(1475, 12, 'R133852432', 'TCSF-2', 'Ouichou', 'walid', 'Homme', NULL, NULL, 'R133852432', 'R133852432', NULL, NULL, '2022/2023', NULL, '4da2935a6e2783f6dbbd1afd375ee242', NULL),
(1476, 13, 'R135777163', 'TCSF-2', 'EL ANBI', 'WAEL', 'Homme', NULL, NULL, 'R135777163', 'R135777163', NULL, NULL, '2022/2023', NULL, 'd67287de23b89f4fbc5da016184fa8ba', NULL),
(1477, 14, 'R136720586', 'TCSF-2', 'AIT MOULAY MHAND', 'OTHMANE', 'Homme', NULL, NULL, 'R136720586', 'R136720586', NULL, NULL, '2022/2023', NULL, 'dc964fe9d091d38116f021e40c505f88', NULL),
(1478, 15, 'R136730264', 'TCSF-2', 'EL BAHI', 'ABDERRAHMANE', 'Homme', NULL, NULL, 'R136730264', 'R136730264', NULL, NULL, '2022/2023', NULL, '261c4943585e648c1bc74f46c6bde233', NULL),
(1479, 16, 'R136842039', 'TCSF-2', 'BOUHAMTAÏN', 'NOUHA', 'Femme', NULL, NULL, 'R136842039', 'R136842039', NULL, NULL, '2022/2023', NULL, '74b3836aeb0933fe968e4405b8e086f0', NULL),
(1480, 17, 'R137720497', 'TCSF-2', 'MOKHLES', 'ZINEB', 'Femme', NULL, NULL, 'R137720497', 'R137720497', NULL, NULL, '2022/2023', NULL, '8b2cab7a9634a0919d954ebb0e32341d', NULL),
(1481, 18, 'R137748215', 'TCSF-2', 'BOURROUIS', 'SOULEIMAN', 'Homme', NULL, NULL, 'R137748215', 'R137748215', NULL, NULL, '2022/2023', NULL, '57e05463511691ef7401059e90ec910e', NULL),
(1482, 19, 'R137763093', 'TCSF-2', 'ADDARDOURI', 'chakir', 'Homme', NULL, NULL, 'R137763093', 'R137763093', NULL, NULL, '2022/2023', NULL, '4c908a7628312ed3f34bb36a0f299735', NULL),
(1483, 20, 'R137772837', 'TCSF-2', 'morchid', 'fahd', 'Homme', NULL, NULL, 'R137772837', 'R137772837', NULL, NULL, '2022/2023', NULL, 'aba4d93e9623ef3c8a275886d6332749', NULL),
(1484, 21, 'R137786591', 'TCSF-2', 'ZIYAT', 'YAHYA', 'Homme', NULL, NULL, 'R137786591', 'R137786591', NULL, NULL, '2022/2023', NULL, 'ab62c27dbc3b520c17e0ad0f7eaf694c', NULL),
(1485, 22, 'R137846762', 'TCSF-2', 'LAMSAK', 'ABDENNOUR', 'Homme', NULL, NULL, 'R137846762', 'R137846762', NULL, NULL, '2022/2023', NULL, '0072255184d0f0c57d5fb1eb00f88b6d', NULL),
(1486, 23, 'R138720484', 'TCSF-2', 'CHAHID', 'HAYTAM', 'Homme', NULL, NULL, 'R138720484', 'R138720484', NULL, NULL, '2022/2023', NULL, '29c95305f703ee2863bd39261916b7a6', NULL),
(1487, 24, 'R138738280', 'TCSF-2', 'chahid', 'aya', 'Femme', NULL, NULL, 'R138738280', 'R138738280', NULL, NULL, '2022/2023', NULL, '4594b31900e8c2710fec3d4ae2f62ab5', NULL),
(1488, 25, 'R138842952', 'TCSF-2', 'Es-sabry ', 'Aya ', 'Femme', NULL, NULL, 'R138842952', 'R138842952', NULL, NULL, '2022/2023', NULL, 'a7e8842420f4ad31890c2d7c1b6c1827', NULL),
(1489, 26, 'R138894600', 'TCSF-2', 'BAHADI', 'SAFAA', 'Femme', NULL, NULL, 'R138894600', 'R138894600', NULL, NULL, '2022/2023', NULL, 'f43f08f5c297a459e06ef2ad68c887a8', NULL),
(1490, 27, 'R140026717', 'TCSF-2', 'ELMOQUI', 'RIHAB', 'Femme', NULL, NULL, 'R140026717', 'R140026717', NULL, NULL, '2022/2023', NULL, '6bbc27580db6d040e491ef657531ac88', NULL),
(1491, 28, 'R144091820', 'TCSF-2', 'MOGHFIR', 'MOUAD', 'Homme', NULL, NULL, 'R144091820', 'R144091820', NULL, NULL, '2022/2023', NULL, 'a338b7d5f3055d7e22f8f5f5a2884e90', NULL),
(1492, 29, 'R146095567', 'TCSF-2', 'MERRACHI', 'MARWA', 'Femme', NULL, NULL, 'R146095567', 'R146095567', NULL, NULL, '2022/2023', NULL, 'd4690d48f8e5e0be670932d6f4b0025f', NULL),
(1493, 30, 'R148097003', 'TCSF-2', 'BOUTAYEB', 'OUMNIA', 'Femme', NULL, NULL, 'R148097003', 'R148097003', NULL, NULL, '2022/2023', NULL, '00172bcac9c7e6d79a14b65f0e7d1065', NULL),
(1494, 31, 'R149059291', 'TCSF-2', 'KHOUMEN', 'WAFAA', 'Femme', NULL, NULL, 'R149059291', 'R149059291', NULL, NULL, '2022/2023', NULL, '3bbec232b478611a98775834be05012a', NULL),
(1495, 32, 'R134921139', 'TCSF-2', 'EL KHAYATI', 'YASMINE', 'Femme', NULL, NULL, 'R134921139', 'R134921139', NULL, NULL, '2022/2023', NULL, '87c62f6a7b711aa12177caa38af0f7d9', NULL),
(1496, 33, 'R132809924', 'TCSF-2', 'FATHI', 'FATIMA EZZAHRA', 'Femme', NULL, NULL, 'R132809924', 'R132809924', NULL, NULL, '2022/2023', NULL, '636531e842515840493f13e605d64b65', NULL),
(1497, 34, 'R137817038', 'TCSF-2', 'chriss', 'ferdaous', 'Femme', NULL, NULL, 'R137817038', 'R137817038', NULL, NULL, '2022/2023', NULL, 'b5bc1b54bc3f267ecbc910a7de12eb69', NULL),
(1498, 35, 'R130791339', 'TCSF-2', 'ABRAHAM', 'Salima', 'Femme', NULL, NULL, 'R130791339', 'R130791339', NULL, NULL, '2022/2023', NULL, '78bc2a8ee87744c03346078c393f2d19', NULL),
(1499, 36, 'R137244371', 'TCSF-2', 'AZKRI', 'SAMIA', 'Femme', NULL, NULL, 'R137244371', 'R137244371', NULL, NULL, '2022/2023', NULL, '0586405584b785c67d0c72940ad93e4a', NULL),
(1500, 1, 'B139081654', 'TCSF-3', 'Ifoulki', 'Wissal', 'Femme', NULL, NULL, 'B139081654', 'B139081654', NULL, NULL, '2022/2023', NULL, 'cfad57fdaa77d04ed9bf597d46072eff', NULL),
(1501, 2, 'F191011681', 'TCSF-3', 'ABOUNAIM', 'SARA', 'Femme', NULL, NULL, 'F191011681', 'F191011681', NULL, NULL, '2022/2023', NULL, 'fb44b1e6174187dfab94f422ca22ae57', NULL),
(1502, 3, 'R130770888', 'TCSF-3', 'MOUTAKI', 'RANIA', 'Femme', NULL, NULL, 'R130770888', 'R130770888', NULL, NULL, '2022/2023', NULL, 'c772fb7195f3bfc644b0032721906a28', NULL),
(1503, 4, 'R130911959', 'TCSF-3', 'MAKOUKI', 'MOHAMED TAHA', 'Homme', NULL, NULL, 'R130911959', 'R130911959', NULL, NULL, '2022/2023', NULL, '5b6e2339cc0679eb531a6a92fde350dd', NULL),
(1504, 5, 'R130921423', 'TCSF-3', 'DAKIRI', 'SALMA', 'Femme', NULL, NULL, 'R130921423', 'R130921423', NULL, NULL, '2022/2023', NULL, '022a3fe07c1a74a7b6c831bdf1a12042', NULL),
(1505, 6, 'R131788208', 'TCSF-3', 'MOUMEN', 'DOHA', 'Femme', NULL, NULL, 'R131788208', 'R131788208', NULL, NULL, '2022/2023', NULL, '43b5575a811f142d5ef023acc81feeda', NULL),
(1506, 7, 'R132762315', 'TCSF-3', 'EL BARIDI', 'SARA', 'Femme', NULL, NULL, 'R132762315', 'R132762315', NULL, NULL, '2022/2023', NULL, 'd19bd1c25fb8b229b2b512e6e74fee55', NULL),
(1507, 8, 'R132915502', 'TCSF-3', 'TALBI', 'YASSER', 'Homme', NULL, NULL, 'R132915502', 'R132915502', NULL, NULL, '2022/2023', NULL, '2bc5b211c85d3572f4949cd68dd908ba', NULL),
(1508, 9, 'R133737081', 'TCSF-3', 'DERBAKI', 'ZINEB', 'Femme', NULL, NULL, 'R133737081', 'R133737081', NULL, NULL, '2022/2023', NULL, '2c7cfd301cfd9a25fe5b2bf20cc18c09', NULL),
(1509, 10, 'R133773894', 'TCSF-3', 'NAÏTSI', 'KAOUTAR', 'Femme', NULL, NULL, 'R133773894', 'R133773894', NULL, NULL, '2022/2023', NULL, 'd9f6753b2f3d96ce8170dc0074eaa2f7', NULL),
(1510, 11, 'R133791309', 'TCSF-3', 'Alalmoussi', 'Hiba', 'Femme', NULL, NULL, 'R133791309', 'R133791309', NULL, NULL, '2022/2023', NULL, 'e3e7e92b956daa1522b6e59fe2d9bdfa', NULL),
(1511, 12, 'R133830675', 'TCSF-3', 'ouerzzane', 'ihssan', 'Femme', NULL, NULL, 'R133830675', 'R133830675', NULL, NULL, '2022/2023', NULL, '74b4d5b9a3e41a42e9a424fe7767f342', NULL),
(1512, 13, 'R133900289', 'TCSF-3', 'AMLAL', 'RAYANE', 'Homme', NULL, NULL, 'R133900289', 'R133900289', NULL, NULL, '2022/2023', NULL, 'c3b9ca609535a2f6208e31a82b451899', NULL),
(1513, 14, 'R134813019', 'TCSF-3', 'MOULOUD', 'WISSAL', 'Femme', NULL, NULL, 'R134813019', 'R134813019', NULL, NULL, '2022/2023', NULL, '762d026bea1fa4adf95ca70e32c6f161', NULL),
(1514, 15, 'R135762599', 'TCSF-3', 'HAIL', 'yassine', 'Homme', NULL, NULL, 'R135762599', 'R135762599', NULL, NULL, '2022/2023', NULL, '17cb2c1e9550e460bb163efbcbc0b4dc', NULL),
(1515, 16, 'R135791308', 'TCSF-3', 'Telhiq', 'Achraf', 'Homme', NULL, NULL, 'R135791308', 'R135791308', NULL, NULL, '2022/2023', NULL, '8abb517aa4930ab3741e91ceae1ea83c', NULL),
(1516, 17, 'R135918002', 'TCSF-3', 'DRISSI ', 'MOHAMMED AMINE', 'Homme', NULL, NULL, 'R135918002', 'R135918002', NULL, NULL, '2022/2023', NULL, 'ce4e50261f9a4e1716c5999a748c667a', NULL),
(1517, 18, 'R136745926', 'TCSF-3', 'BOUKHAR', 'ZINEB', 'Femme', NULL, NULL, 'R136745926', 'R136745926', NULL, NULL, '2022/2023', NULL, '0a90edadc5ef279801870957b21b3014', NULL),
(1518, 19, 'R136842226', 'TCSF-3', 'AGHAD', 'FATIMA-ZAHRA', 'Femme', NULL, NULL, 'R136842226', 'R136842226', NULL, NULL, '2022/2023', NULL, '8f6a45a4ffe116fe34b9190eb3a09f42', NULL),
(1519, 20, 'R137720798', 'TCSF-3', 'NAZIH', 'ACHRAF', 'Homme', NULL, NULL, 'R137720798', 'R137720798', NULL, NULL, '2022/2023', NULL, 'd8e331e959f60cc01cfe254756e29979', NULL),
(1520, 21, 'R137808806', 'TCSF-3', 'IDWA', 'WALID', 'Homme', NULL, NULL, 'R137808806', 'R137808806', NULL, NULL, '2022/2023', NULL, '17cf22f75222eace0d488849c4d528bf', NULL),
(1521, 22, 'R137831985', 'TCSF-3', 'ZAHI', 'HIBA', 'Femme', NULL, NULL, 'R137831985', 'R137831985', NULL, NULL, '2022/2023', NULL, 'f6b818c4586de0bf93dd46b2c025263b', NULL),
(1522, 23, 'R137851144', 'TCSF-3', 'Elouafi', 'Marwa', 'Femme', NULL, NULL, 'R137851144', 'R137851144', NULL, NULL, '2022/2023', NULL, 'cc655b5f3efd613f8a1190289b24d96d', NULL),
(1523, 24, 'R138739636', 'TCSF-3', 'ATBIB', 'SOUFIANE', 'Homme', NULL, NULL, 'R138739636', 'R138739636', NULL, NULL, '2022/2023', NULL, '3367aff5ced5d918cd4aa0405876fbaf', NULL),
(1524, 25, 'R138900050', 'TCSF-3', 'EL AMRAOUI', 'CHAIMAA', 'Femme', NULL, NULL, 'R138900050', 'R138900050', NULL, NULL, '2022/2023', NULL, 'a40af1125fc08da7e8be5a3951a4eaf1', NULL),
(1525, 26, 'R139794792', 'TCSF-3', 'GANINE', 'RANIA', 'Femme', NULL, NULL, 'R139794792', 'R139794792', NULL, NULL, '2022/2023', NULL, '11e703098264e5f5e03225f8dce17997', NULL),
(1526, 27, 'R139834006', 'TCSF-3', 'BRITEL', 'MALAK', 'Femme', NULL, NULL, 'R139834006', 'R139834006', NULL, NULL, '2022/2023', NULL, '9b678c078e655e3531557c0476ff09f2', NULL),
(1527, 28, 'R139854923', 'TCSF-3', 'ILYASS', 'HAJAR', 'Femme', NULL, NULL, 'R139854923', 'R139854923', NULL, NULL, '2022/2023', NULL, 'f0a459b0803bed08ebfef0e508de3aa6', NULL),
(1528, 29, 'R139876654', 'TCSF-3', 'BAHAMOU ', 'MOHAMED', 'Homme', NULL, NULL, 'R139876654', 'R139876654', NULL, NULL, '2022/2023', NULL, 'a78591d291758a763921a53a8023c0fe', NULL),
(1529, 30, 'R140012407', 'TCSF-3', 'BELLAR', 'KHADIJA', 'Femme', NULL, NULL, 'R140012407', 'R140012407', NULL, NULL, '2022/2023', NULL, '6c170492bc6ac614c1c4c1981b16534f', NULL),
(1530, 31, 'R140097297', 'TCSF-3', 'GALLOUL', 'YOUSRA', 'Femme', NULL, NULL, 'R140097297', 'R140097297', NULL, NULL, '2022/2023', NULL, '9859f28e474eb4064b23d909b883b567', NULL),
(1531, 32, 'R143017807', 'TCSF-3', 'RABHI', 'JIHAD', 'Femme', NULL, NULL, 'R143017807', 'R143017807', NULL, NULL, '2022/2023', NULL, '0360365aa0fb599532965052bdb91bb2', NULL),
(1532, 33, 'R144026721', 'TCSF-3', 'FETTOUKH', 'ABIR', 'Femme', NULL, NULL, 'R144026721', 'R144026721', NULL, NULL, '2022/2023', NULL, '25c0b8e8cdd6625388c09581a53d93e2', NULL),
(1533, 34, 'R149123988', 'TCSF-3', 'BENNISTOUHAF', 'ISMAIL', 'Homme', NULL, NULL, 'R149123988', 'R149123988', NULL, NULL, '2022/2023', NULL, 'ad588c2e0ea0070c149d2512af50531e', NULL),
(1534, 35, 'R139853069', 'TCSF-3', 'EL KANNOUSSY', 'Lina', 'Femme', NULL, NULL, 'R139853069', 'R139853069', NULL, NULL, '2022/2023', NULL, '21aec464b546732dd6fee99a45b4e7e4', NULL),
(1535, 36, 'R146058856', 'TCSF-3', 'Said', 'Souhail', 'Homme', NULL, NULL, 'R146058856', 'R146058856', NULL, NULL, '2022/2023', NULL, 'b10aa24934840b1ab34c9b35698dab1f', NULL),
(1536, 37, 'R140032942', 'TCSF-3', 'MIFTAH', 'TAHA', 'Homme', NULL, NULL, 'R140032942', 'R140032942', NULL, NULL, '2022/2023', NULL, '6d7b7feadf8421f336c1992c0538a518', NULL),
(1537, 38, 'R146095561', 'TCSF-3', 'KAOUTAR', 'MOHAMED ALI', 'Homme', NULL, NULL, 'R146095561', 'R146095561', NULL, NULL, '2022/2023', NULL, '3e2c89994a3195150d76e8b82fe9b7f4', NULL),
(2045, 32, 'R233448690', '1BTSSRI-1', 'Amsaadi', 'Hanae', 'femme', NULL, NULL, NULL, NULL, NULL, NULL, '2022/2023', NULL, NULL, NULL),
(1876, 1, 'D135584303', '1BACSEF-1', 'WARDANE', 'AYA ', 'Femme', NULL, NULL, 'D135584303', 'D135584303', NULL, NULL, '2022/2023', NULL, 'bc2f7c0501b940634f54cb8ba7454194', NULL),
(1877, 2, 'R120098497', '1BACSEF-1', 'EL GDAOUNI', 'DOUNIA', 'Femme', NULL, NULL, 'R120098497', 'R120098497', NULL, NULL, '2022/2023', NULL, '48d74c99bdd1100d31022d0424a42b9d', NULL),
(1878, 3, 'R130001426', '1BACSEF-1', 'BARGHACH', 'HASSAN', 'Homme', NULL, NULL, 'R130001426', 'R130001426', NULL, NULL, '2022/2023', NULL, 'e86e6066ce4a5ea99e45b6d2c5270c33', NULL),
(1879, 4, 'R130001768', '1BACSEF-1', 'BADIOUI', 'MOSSAAB', 'Homme', NULL, NULL, 'R130001768', 'R130001768', NULL, NULL, '2022/2023', NULL, '835b71d0aa7d81709002c8d132ac5410', NULL),
(1880, 5, 'R130004097', '1BACSEF-1', 'HAIMOUD', 'Yazid ', 'Homme', NULL, NULL, 'R130004097', 'R130004097', NULL, NULL, '2022/2023', NULL, '48959a636f8142253e2811c29dd00927', NULL),
(1881, 6, 'R130011790', '1BACSEF-1', 'HARMAT ALLAH SBAI', 'MARWA', 'Femme', NULL, NULL, 'R130011790', 'R130011790', NULL, NULL, '2022/2023', NULL, 'b30c916b2c2eb7a9f66e555d5156123b', NULL),
(1882, 7, 'R130011829', '1BACSEF-1', 'LAFTAH', 'OTHMANE', 'Homme', NULL, NULL, 'R130011829', 'R130011829', NULL, NULL, '2022/2023', NULL, '495e0974bfb91c2a5bc09150e33855bb', NULL),
(1883, 8, 'R130034993', '1BACSEF-1', 'AIT MOUSSA', 'SARA', 'Femme', NULL, NULL, 'R130034993', 'R130034993', NULL, NULL, '2022/2023', NULL, 'd5857dc2c114a0cb11ba9d452e75d853', NULL),
(1884, 9, 'R130056705', '1BACSEF-1', 'BOURCHAK', 'LEILA', 'Femme', NULL, NULL, 'R130056705', 'R130056705', NULL, NULL, '2022/2023', NULL, '41f1d10cac759ce22b2a6b0284d29694', NULL),
(1885, 10, 'R130175329', '1BACSEF-1', 'KOUNTARI', 'NOUHAYLA', 'Femme', NULL, NULL, 'R130175329', 'R130175329', NULL, NULL, '2022/2023', NULL, 'abbcb346ee72dc7eabedfed98705a3a7', NULL),
(1886, 11, 'R130196971', '1BACSEF-1', 'TALAOUTI', 'ADNANE', 'Homme', NULL, NULL, 'R130196971', 'R130196971', NULL, NULL, '2022/2023', NULL, '30a49d7a958cc80b809f07e1db8b7996', NULL),
(1887, 12, 'R130245291', '1BACSEF-1', 'HRIRCH', 'SOUNDOUS', 'Femme', NULL, NULL, 'R130245291', 'R130245291', NULL, NULL, '2022/2023', NULL, '77def52c2766f3864cf1223c5bf843f6', NULL),
(1888, 13, 'R130430354', '1BACSEF-1', 'ENNBAKI', 'KHADIJA', 'Femme', NULL, NULL, 'R130430354', 'R130430354', NULL, NULL, '2022/2023', NULL, '26d40c8ecec17a5597effde00ca428f6', NULL),
(1889, 14, 'R130582332', '1BACSEF-1', 'EDAALI ELHASSEN', 'AYA', 'Femme', NULL, NULL, 'R130582332', 'R130582332', NULL, NULL, '2022/2023', NULL, '072e39f9936f4621aff18ab7f6ca0ce8', NULL),
(1890, 15, 'R132382614', '1BACSEF-1', 'BA MOHAMED', 'Hiba', 'Femme', NULL, NULL, 'R132382614', 'R132382614', NULL, NULL, '2022/2023', NULL, 'aea85724a358ebb59d51f87aa65e7b62', NULL),
(1891, 16, 'R133528384', '1BACSEF-1', 'CHIDNI', 'CHAIMAE', 'Femme', NULL, NULL, 'R133528384', 'R133528384', NULL, NULL, '2022/2023', NULL, '38c0e65e2c36fb78ecbe7074bbcdebe9', NULL),
(1892, 17, 'R133528386', '1BACSEF-1', 'CHAHBAOUY', 'ALROUMAISSAA', 'Femme', NULL, NULL, 'R133528386', 'R133528386', NULL, NULL, '2022/2023', NULL, 'b61e2d444c78fb1825c031f7f4a0045d', NULL),
(1893, 18, 'R134439422', '1BACSEF-1', 'MORTADY', 'IMANE', 'Femme', NULL, NULL, 'R134439422', 'R134439422', NULL, NULL, '2022/2023', NULL, 'ab8ae5fbe1d3d83a444b6e91b0a1a0b2', NULL),
(1894, 19, 'R134587449', '1BACSEF-1', 'ÄOUAJ', 'SAÏD', 'Homme', NULL, NULL, 'R134587449', 'R134587449', NULL, NULL, '2022/2023', NULL, '18252a5d7aef912032b40ba13f9f8c2e', NULL),
(1895, 20, 'R135244695', '1BACSEF-1', 'ACOURTAME', 'LINA', 'Femme', NULL, NULL, 'R135244695', 'R135244695', NULL, NULL, '2022/2023', NULL, '7c484feb45d01a50b4677982451631c3', NULL),
(1896, 21, 'R135894004', '1BACSEF-1', 'SAROUT', 'OTMANE', 'Homme', NULL, NULL, 'R135894004', 'R135894004', NULL, NULL, '2022/2023', NULL, '6b909b2866792b1e8e37edcd01bb4bcc', NULL),
(1897, 22, 'R136430346', '1BACSEF-1', 'AGUIRAR', 'RACHIDA', 'Femme', NULL, NULL, 'R136430346', 'R136430346', NULL, NULL, '2022/2023', NULL, '57c1b0856ba63e86044a52a8f32b27a6', NULL),
(1898, 23, 'R136468921', '1BACSEF-1', 'RIAD', 'AYA', 'Femme', NULL, NULL, 'R136468921', 'R136468921', NULL, NULL, '2022/2023', NULL, 'b9040b32852725490587f6e0811a7b34', NULL),
(1899, 24, 'R137383024', '1BACSEF-1', 'ACHMAOUI', 'JIHANE', 'Femme', NULL, NULL, 'R137383024', 'R137383024', NULL, NULL, '2022/2023', NULL, '8ebe4a4450105d636353a0a83ede637e', NULL),
(1900, 25, 'R137430356', '1BACSEF-1', 'EL BAGGAR', 'BASSMA', 'Femme', NULL, NULL, 'R137430356', 'R137430356', NULL, NULL, '2022/2023', NULL, '2a22f9257630bdf787e2996d934fba61', NULL),
(1901, 26, 'R137481092', '1BACSEF-1', 'BIKOURRANE', 'DOUAA', 'Femme', NULL, NULL, 'R137481092', 'R137481092', NULL, NULL, '2022/2023', NULL, '3eb178d7f0e7abf4ac20dd45b3a396d4', NULL),
(1902, 27, 'R138425235', '1BACSEF-1', 'FAKHAR', 'ZINEB', 'Femme', NULL, NULL, 'R138425235', 'R138425235', NULL, NULL, '2022/2023', NULL, '54249d9105cb5c34bdb1096144e729bc', NULL),
(1903, 28, 'R140124705', '1BACSEF-1', 'GHARRAB', 'NIHAD', 'Femme', NULL, NULL, 'R140124705', 'R140124705', NULL, NULL, '2022/2023', NULL, '3d514344760336569227ca306bc7160f', NULL),
(1904, 29, 'R141027030', '1BACSEF-1', 'AGOUZOUL', 'HANANE', 'Femme', NULL, NULL, 'R141027030', 'R141027030', NULL, NULL, '2022/2023', NULL, 'f2dadaf6df89ead168340fb2a8cad60c', NULL),
(1905, 30, 'R141027031', '1BACSEF-1', 'AKHARFI', 'SARA', 'Femme', NULL, NULL, 'R141027031', 'R141027031', NULL, NULL, '2022/2023', NULL, 'd536cd3030895be83517371b3a558972', NULL),
(1906, 31, 'R149086867', '1BACSEF-1', 'ABOUJIHAD', 'IKRAM', 'Femme', NULL, NULL, 'R149086867', 'R149086867', NULL, NULL, '2022/2023', NULL, 'ffeb21c440636143b69ff71e925dd78f', NULL),
(1907, 0, '', '1BACSEF-1', '', '', '', NULL, NULL, '', '', NULL, NULL, '2022/2023', NULL, 'd41d8cd98f00b204e9800998ecf8427e', NULL),
(1908, 1, 'K120034043', '1BACSEF-2', 'RAJI', 'Marwa', 'Femme', NULL, NULL, 'K120034043', 'K120034043', NULL, NULL, '2022/2023', NULL, '07bf8c2ea26d14227806a18df4f8d2f5', NULL),
(1909, 2, 'R130001516', '1BACSEF-2', 'KAMAL', 'MITAK', 'Homme', NULL, NULL, 'R130001516', 'R130001516', NULL, NULL, '2022/2023', NULL, '3490a3badcdd2497ef1d837a37aeff48', NULL),
(1910, 3, 'R130024869', '1BACSEF-2', 'NAKHILI', 'NISRINE', 'Femme', NULL, NULL, 'R130024869', 'R130024869', NULL, NULL, '2022/2023', NULL, '11a50f33483bdd443eb6a41691e5f500', NULL),
(1911, 4, 'R130174438', '1BACSEF-2', 'NAFIHI', 'SAAD', 'Homme', NULL, NULL, 'R130174438', 'R130174438', NULL, NULL, '2022/2023', NULL, '9fb4d452ddb2107387c7e1e9aaf701ee', NULL),
(1912, 5, 'R130445387', '1BACSEF-2', 'JADOUAL', 'FATIMAZAHRA', 'Femme', NULL, NULL, 'R130445387', 'R130445387', NULL, NULL, '2022/2023', NULL, '695230276aa7e06b6ec74bfc705bf100', NULL),
(1913, 6, 'R131599334', '1BACSEF-2', 'MIFDAL', 'HALIMA', 'Femme', NULL, NULL, 'R131599334', 'R131599334', NULL, NULL, '2022/2023', NULL, 'ca8669766c38a20861ce9bbee68538ba', NULL),
(1914, 7, 'R132206325', '1BACSEF-2', 'AFKIRI', 'ZINEB', 'Femme', NULL, NULL, 'R132206325', 'R132206325', NULL, NULL, '2022/2023', NULL, '116037be70c5b516db435c96a0f8668e', NULL),
(1915, 8, 'R132639662', '1BACSEF-2', 'SAHIMI', 'DOAA', 'Femme', NULL, NULL, 'R132639662', 'R132639662', NULL, NULL, '2022/2023', NULL, 'c6f768cecaf12ab8d99c044135ddcb62', NULL),
(1916, 9, 'R134600355', '1BACSEF-2', 'EL MOBARAKY', 'OUMAIMA', 'Femme', NULL, NULL, 'R134600355', 'R134600355', NULL, NULL, '2022/2023', NULL, '4262ad56cd16e8a543e4601641b78329', NULL),
(1917, 10, 'R134809192', '1BACSEF-2', 'elkheloui', 'israe', 'Femme', NULL, NULL, 'R134809192', 'R134809192', NULL, NULL, '2022/2023', NULL, '9fdbe445dcd4988651fba1b653028190', NULL),
(1918, 11, 'R137389476', '1BACSEF-2', 'DIDOUCHE', 'Bahaâeddine', 'Homme', NULL, NULL, 'R137389476', 'R137389476', NULL, NULL, '2022/2023', NULL, '861b67930fd8ed257d32c2826d38305f', NULL),
(1919, 12, 'R138696849', '1BACSEF-2', 'SAHIL', 'NIAMA', 'Femme', NULL, NULL, 'R138696849', 'R138696849', NULL, NULL, '2022/2023', NULL, 'b346deef638a6c30f71f7419e9855428', NULL),
(1920, 13, 'R139452028', '1BACSEF-2', 'HILAL', 'REDOUANE', 'Homme', NULL, NULL, 'R139452028', 'R139452028', NULL, NULL, '2022/2023', NULL, 'e25420df9d70a703ea6885af81bbbd17', NULL),
(1921, 14, 'R143027322', '1BACSEF-2', 'FAQYR', 'OUSSAMA', 'Homme', NULL, NULL, 'R143027322', 'R143027322', NULL, NULL, '2022/2023', NULL, '859af449647abaac7dd0ef089eba00f9', NULL),
(1922, 15, 'R144027047', '1BACSEF-2', 'MAAKILI', 'OUMAIMA', 'Femme', NULL, NULL, 'R144027047', 'R144027047', NULL, NULL, '2022/2023', NULL, '5dfdbd54cbbaf2be279691c6ab3fc030', NULL),
(1923, 16, 'R145027399', '1BACSEF-2', 'MEFTAH', 'AMINA', 'Femme', NULL, NULL, 'R145027399', 'R145027399', NULL, NULL, '2022/2023', NULL, '1d9c977e376aeb509f764223c5c4cb05', NULL),
(1924, 17, 'R146118804', '1BACSEF-2', 'Farissi', 'Hiba', 'Femme', NULL, NULL, 'R146118804', 'R146118804', NULL, NULL, '2022/2023', NULL, 'eeeea43b9eea1195600b2d9fd8c517df', NULL),
(1925, 18, 'R147098841', '1BACSEF-2', 'BOUCHRAOUI', 'TAHA', 'Homme', NULL, NULL, 'R147098841', 'R147098841', NULL, NULL, '2022/2023', NULL, '7737f35c91b0ebb7c2442f2b55ed0b90', NULL),
(1926, 19, 'R130001441', '1BACSEF-2', 'MOUTAIB', 'RIHAB', 'Femme', NULL, NULL, 'R130001441', 'R130001441', NULL, NULL, '2022/2023', NULL, '6475e933aac15f3edbe2980a859cabfb', NULL),
(1927, 20, 'R130004169', '1BACSEF-2', 'BENSRHIR', 'Romaissae', 'Femme', NULL, NULL, 'R130004169', 'R130004169', NULL, NULL, '2022/2023', NULL, '809b237177cfcdfd07a3e758c7b8a65f', NULL),
(1928, 21, 'R130083281', '1BACSEF-2', 'NABILI', 'IHSSANE', 'Femme', NULL, NULL, 'R130083281', 'R130083281', NULL, NULL, '2022/2023', NULL, '6ac0f8972547b1af562038ae43ff14b5', NULL),
(1929, 22, 'R148027398', '1BACSEF-2', 'MEFTAH', 'MERIEM', 'Femme', NULL, NULL, 'R148027398', 'R148027398', NULL, NULL, '2022/2023', NULL, '40e29538279d5050d99701523b2c6031', NULL);
INSERT INTO `students` (`id`, `ideleve`, `rollno`, `standerd`, `fstname`, `lstname`, `gender`, `contact`, `DateNaissance`, `email`, `password`, `image`, `adresse`, `AnneeScolaire`, `Lieu_Naissance`, `token`, `Numero_Parent`) VALUES
(1930, 23, 'R130058782', '1BACSEF-2', 'AMEZGOU', 'YASMINE', 'Femme', NULL, NULL, 'R130058782', 'R130058782', NULL, NULL, '2022/2023', NULL, '18bbee116a1e43e2ca26acc73ade94aa', NULL),
(1931, 24, 'R131933044', '1BACSEF-2', 'AZOUGH', 'Hiba', 'Femme', NULL, NULL, 'R131933044', 'R131933044', NULL, NULL, '2022/2023', NULL, '8e08bd2c0c3527a44bb59f3e540fb468', NULL),
(1932, 25, 'R140065841', '1BACSEF-2', 'RHAOUAT', 'IMAD', 'Homme', NULL, NULL, 'R140065841', 'R140065841', NULL, NULL, '2022/2023', NULL, '0dfdd2becfaa2e8c8cb16fb63d8b7a44', NULL),
(1933, 26, 'R136390311', '1BACSEF-2', 'ABAYAICHE', 'NISSRINE', 'Femme', NULL, NULL, 'R136390311', 'R136390311', NULL, NULL, '2022/2023', NULL, 'd8527921ec565901e0e954a69c94ade6', NULL),
(1934, 27, 'R130011710', '1BACSEF-2', 'ELFANID', 'HIBA', 'Femme', NULL, NULL, 'R130011710', 'R130011710', NULL, NULL, '2022/2023', NULL, 'a1a29ff4e15e6c1e5bab4670196ddeab', NULL),
(1935, 28, 'R130000484', '1BACSEF-2', 'SEDDAT', 'IMANE', 'Femme', NULL, NULL, 'R130000484', 'R130000484', NULL, NULL, '2022/2023', NULL, 'ecfce45b5cb4de84e9cffd76be4c2288', NULL),
(1936, 29, 'R130159602', '1BACSEF-2', 'KOUTAIR', 'WAHIBA', 'Femme', NULL, NULL, 'R130159602', 'R130159602', NULL, NULL, '2022/2023', NULL, 'f65d0196d92477cb60cbd7164c1fcdc8', NULL),
(1937, 30, 'R134564848', '1BACSEF-2', 'MEKOUAR', 'MOUAD', 'Homme', NULL, NULL, 'R134564848', 'R134564848', NULL, NULL, '2022/2023', NULL, '4473b544b15928e0b74284c2652a16c1', NULL),
(1938, 0, '', '1BACSEF-2', '', '', '', NULL, NULL, '', '', NULL, NULL, '2022/2023', NULL, 'd41d8cd98f00b204e9800998ecf8427e', NULL),
(1939, 1, 'J134191332', '1BACSEF-3', 'belghera', 'bahia', 'Femme', NULL, NULL, 'J134191332', 'J134191332', NULL, NULL, '2022/2023', NULL, '4d96f6191e9456da0925111efbe4ed34', NULL),
(1940, 2, 'R130011793', '1BACSEF-3', 'DAHBI', 'AYA', 'Femme', NULL, NULL, 'R130011793', 'R130011793', NULL, NULL, '2022/2023', NULL, '3c6f982f30b7ebf43183a42c465bb2cc', NULL),
(1941, 3, 'R130035003', '1BACSEF-3', 'TAOUSSANI', 'ISMAIL', 'Homme', NULL, NULL, 'R130035003', 'R130035003', NULL, NULL, '2022/2023', NULL, 'b3b1c09d5f92c5783d1ef11b65b68bb0', NULL),
(1942, 4, 'R130035149', '1BACSEF-3', 'OUJBOU', 'MOUAD', 'Homme', NULL, NULL, 'R130035149', 'R130035149', NULL, NULL, '2022/2023', NULL, '4b9c3c1320db5fa1d22e2a3bedbdecea', NULL),
(1943, 5, 'R130125570', '1BACSEF-3', 'HAMI', 'AMAL', 'Femme', NULL, NULL, 'R130125570', 'R130125570', NULL, NULL, '2022/2023', NULL, 'ca856473e12a6230202a2b78726a4814', NULL),
(1944, 6, 'R130163614', '1BACSEF-3', 'Imad', 'mohammed amin', 'Homme', NULL, NULL, 'R130163614', 'R130163614', NULL, NULL, '2022/2023', NULL, '7aacb92b37d3cad0fc00bbd4c6d7de66', NULL),
(1945, 7, 'R130176622', '1BACSEF-3', 'BAGGAR', 'BADRE', 'Homme', NULL, NULL, 'R130176622', 'R130176622', NULL, NULL, '2022/2023', NULL, 'c08381d40eb9a218239dcc03a72f6fc1', NULL),
(1946, 8, 'R130176692', '1BACSEF-3', 'OULHADR', 'YASSINE', 'Homme', NULL, NULL, 'R130176692', 'R130176692', NULL, NULL, '2022/2023', NULL, 'c7626356b9e5bf11c2585f14e046ac63', NULL),
(1947, 9, 'R130183053', '1BACSEF-3', 'SBIRA', 'INAS', 'Femme', NULL, NULL, 'R130183053', 'R130183053', NULL, NULL, '2022/2023', NULL, '4ea0070d78c8d844ace78645181e11dd', NULL),
(1948, 10, 'R130227040', '1BACSEF-3', 'EZZIANY', 'ALI', 'Homme', NULL, NULL, 'R130227040', 'R130227040', NULL, NULL, '2022/2023', NULL, '35f02481b57a4ac21a845b1fcecdd890', NULL),
(1949, 11, 'R130448847', '1BACSEF-3', 'IHTIMAL', 'TAHA', 'Homme', NULL, NULL, 'R130448847', 'R130448847', NULL, NULL, '2022/2023', NULL, '1d4c666cb67c589ea74a37cf2a2d2605', NULL),
(1950, 12, 'R131439442', '1BACSEF-3', 'EL KHAYATI', 'AYA', 'Femme', NULL, NULL, 'R131439442', 'R131439442', NULL, NULL, '2022/2023', NULL, 'ee46a38523a8de0dc1517c31a38445eb', NULL),
(1951, 13, 'R132281164', '1BACSEF-3', 'RAJRAJI', 'YAHYA', 'Homme', NULL, NULL, 'R132281164', 'R132281164', NULL, NULL, '2022/2023', NULL, '5b6187968856a4af049c8c703edbc606', NULL),
(1952, 14, 'R134222246', '1BACSEF-3', 'Ouachir', 'Maryam', 'Femme', NULL, NULL, 'R134222246', 'R134222246', NULL, NULL, '2022/2023', NULL, '1320db15bc08aa5036785b787fa87d95', NULL),
(1953, 15, 'R134426103', '1BACSEF-3', 'AZIZI', 'JABER', 'Homme', NULL, NULL, 'R134426103', 'R134426103', NULL, NULL, '2022/2023', NULL, 'cc5f866098b7720558e5e34a0059a6e1', NULL),
(1954, 16, 'R135272316', '1BACSEF-3', 'BELAREJ', 'IKRAM', 'Femme', NULL, NULL, 'R135272316', 'R135272316', NULL, NULL, '2022/2023', NULL, '5e30115b754d2c6e388f366182d64384', NULL),
(1955, 17, 'R135272317', '1BACSEF-3', 'BELAREJ', 'DINA', 'Femme', NULL, NULL, 'R135272317', 'R135272317', NULL, NULL, '2022/2023', NULL, 'e2c13d998d11d2cd6bccfb07faaa8842', NULL),
(1956, 18, 'R137588912', '1BACSEF-3', 'MARIEM', 'ABOU EL OUAFA EL IDRISSI', 'Femme', NULL, NULL, 'R137588912', 'R137588912', NULL, NULL, '2022/2023', NULL, '54ea18b452c4c1175621e4f733ac0aac', NULL),
(1957, 19, 'R138280920', '1BACSEF-3', 'KAS', 'SARA', 'Femme', NULL, NULL, 'R138280920', 'R138280920', NULL, NULL, '2022/2023', NULL, '47ecaa492ed1584dbda10f46f78c3199', NULL),
(1958, 20, 'R138587508', '1BACSEF-3', 'ZAHIR', 'ADNANE', 'Homme', NULL, NULL, 'R138587508', 'R138587508', NULL, NULL, '2022/2023', NULL, '5d0b697a8bc407a83f781fece7751954', NULL),
(1959, 21, 'R139430347', '1BACSEF-3', 'RAOUI', 'LAMYA', 'Femme', NULL, NULL, 'R139430347', 'R139430347', NULL, NULL, '2022/2023', NULL, '4e3efb95e00ebc7a219b3c8f9c8714d5', NULL),
(1960, 22, 'R139473930', '1BACSEF-3', 'HAKIM', 'AYA', 'Femme', NULL, NULL, 'R139473930', 'R139473930', NULL, NULL, '2022/2023', NULL, 'ba39296c25d91282de6ff64e86284f51', NULL),
(1961, 23, 'R141126449', '1BACSEF-3', 'JBILI', 'NOUSSAIBA', 'Femme', NULL, NULL, 'R141126449', 'R141126449', NULL, NULL, '2022/2023', NULL, 'ae5b2d3d6b1569c5270ff187f02ea67e', NULL),
(1962, 24, 'R143022076', '1BACSEF-3', 'Rahmani', 'Mohamed', 'Homme', NULL, NULL, 'R143022076', 'R143022076', NULL, NULL, '2022/2023', NULL, '9840614b9accb99f688ecd316e05a825', NULL),
(1963, 25, 'R145083135', '1BACSEF-3', 'TAICHA', 'OUSSAMA', 'Homme', NULL, NULL, 'R145083135', 'R145083135', NULL, NULL, '2022/2023', NULL, '7d11018b1ac6764c3da404ef3614a97b', NULL),
(1964, 26, 'R145100895', '1BACSEF-3', 'SIMMOU', 'ALI', 'Homme', NULL, NULL, 'R145100895', 'R145100895', NULL, NULL, '2022/2023', NULL, 'de6d40bfe56a732fde689f3aaa1b4816', NULL),
(1965, 27, 'R138878232', '1BACSEF-3', 'sayass', 'douaa', 'Femme', NULL, NULL, 'R138878232', 'R138878232', NULL, NULL, '2022/2023', NULL, '0e4baeefdb124b62cf4b7ad92ec53019', NULL),
(1966, 28, 'R137206147', '1BACSEF-3', 'Boulali', 'Ilyas haitam', 'Homme', NULL, NULL, 'R137206147', 'R137206147', NULL, NULL, '2022/2023', NULL, 'c7a0bb30b6b7036d77848a6ac061bd57', NULL),
(1967, 0, '', '1BACSEF-3', '', '', '', NULL, NULL, '', '', NULL, NULL, '2022/2023', NULL, 'd41d8cd98f00b204e9800998ecf8427e', NULL),
(1968, 1, 'K137454680', '2BACSPF-1', 'KAISS', 'MOHAMMED', 'Homme', NULL, NULL, 'K137454680', 'K137454680', NULL, NULL, '2022/2023', NULL, '13db81c8249acb4d4a8d5ba00ee073a7', NULL),
(1969, 2, 'R120036767', '2BACSPF-1', 'rihani', 'amina', 'Femme', NULL, NULL, 'R120036767', 'R120036767', NULL, NULL, '2022/2023', NULL, 'b2cc40ad16c6fca0cc6ccb888450eb5a', NULL),
(1970, 3, 'R130016927', '2BACSPF-1', 'EL MOUKAOUIM', 'INES', 'Femme', NULL, NULL, 'R130016927', 'R130016927', NULL, NULL, '2022/2023', NULL, '33a818bcf6f652dedbc706fd31d55697', NULL),
(1971, 4, 'R130044619', '2BACSPF-1', 'NIDAMI', 'WALID', 'Homme', NULL, NULL, 'R130044619', 'R130044619', NULL, NULL, '2022/2023', NULL, 'b605b320ecdbbd94e1bae9dfc3bade72', NULL),
(1972, 5, 'R130150057', '2BACSPF-1', 'Said', 'Abakouk', 'Homme', NULL, NULL, 'R130150057', 'R130150057', NULL, NULL, '2022/2023', NULL, 'd3f94205907d391a434fe426ed566e20', NULL),
(1973, 6, 'R130161634', '2BACSPF-1', 'Lamsatfi', 'Fadwa', 'Femme', NULL, NULL, 'R130161634', 'R130161634', NULL, NULL, '2022/2023', NULL, '2461fa14411c166c5c7af5ed7de7882b', NULL),
(1974, 7, 'R130165368', '2BACSPF-1', 'chritt', 'fadila', 'Femme', NULL, NULL, 'R130165368', 'R130165368', NULL, NULL, '2022/2023', NULL, 'e4833e377988cef4ca19fd0d4bff26fb', NULL),
(1975, 8, 'R130544080', '2BACSPF-1', 'ajlane', 'hafsa', 'Femme', NULL, NULL, 'R130544080', 'R130544080', NULL, NULL, '2022/2023', NULL, '802a9afb465f61809eebd4d035cfc3f5', NULL),
(1976, 9, 'R130608198', '2BACSPF-1', 'MIFDAL', 'ILYAS', 'Homme', NULL, NULL, 'R130608198', 'R130608198', NULL, NULL, '2022/2023', NULL, 'd77b07db99b127c3ad4d32b490b14cb8', NULL),
(1977, 10, 'R130688613', '2BACSPF-1', 'EL OUAZGHANY', 'TAHA', 'Homme', NULL, NULL, 'R130688613', 'R130688613', NULL, NULL, '2022/2023', NULL, '77607b199039dc47fbc4832413e2da24', NULL),
(1978, 11, 'R130807072', '2BACSPF-1', 'Rokk', 'WaLid', 'Homme', NULL, NULL, 'R130807072', 'R130807072', NULL, NULL, '2022/2023', NULL, 'd55cf92d7d29301f89df8ca90014fe04', NULL),
(1979, 12, 'R130910548', '2BACSPF-1', 'MERIM', 'ELCHAOUI', 'Femme', NULL, NULL, 'R130910548', 'R130910548', NULL, NULL, '2022/2023', NULL, 'fbc4f1648d289cfc82fc48badfa754c0', NULL),
(1980, 13, 'R130912343', '2BACSPF-1', 'MOUSTARHIT', 'MOUNIA', 'Femme', NULL, NULL, 'R130912343', 'R130912343', NULL, NULL, '2022/2023', NULL, '1b649717836b5905b247e9b30b8205ad', NULL),
(1981, 14, 'R131385530', '2BACSPF-1', 'AAMAR', 'HIBA', 'Femme', NULL, NULL, 'R131385530', 'R131385530', NULL, NULL, '2022/2023', NULL, '2fab84ba1f9f69959fe73a64996d8126', NULL),
(1982, 15, 'R131807743', '2BACSPF-1', 'gharbi', 'mohammed amine', 'Homme', NULL, NULL, 'R131807743', 'R131807743', NULL, NULL, '2022/2023', NULL, '8ed74f18c0b5114846cb6218a50b8876', NULL),
(1983, 16, 'R132692352', '2BACSPF-1', 'GOUHMID', 'OTHMANE', 'Homme', NULL, NULL, 'R132692352', 'R132692352', NULL, NULL, '2022/2023', NULL, 'd75bbb91f89e9a77c7d18c52c5c8c30d', NULL),
(1984, 17, 'R132931906', '2BACSPF-1', 'ZERRIK', 'AYA', 'Femme', NULL, NULL, 'R132931906', 'R132931906', NULL, NULL, '2022/2023', NULL, 'de75ebc50d827c3ea5995b545708b304', NULL),
(1985, 18, 'R133283174', '2BACSPF-1', 'ACOURTAME', 'ALAA', 'Femme', NULL, NULL, 'R133283174', 'R133283174', NULL, NULL, '2022/2023', NULL, 'f3d00e0e215e529ceb25c2f10f16103c', NULL),
(1986, 19, 'R133394313', '2BACSPF-1', 'AAMAR', 'MOHAMMED AMINE', 'Homme', NULL, NULL, 'R133394313', 'R133394313', NULL, NULL, '2022/2023', NULL, '189e9f268edc61c2c63bc1d0aa7efdd6', NULL),
(1987, 20, 'R133535839', '2BACSPF-1', 'GOUALI', 'HASSAN', 'Homme', NULL, NULL, 'R133535839', 'R133535839', NULL, NULL, '2022/2023', NULL, 'ae767faacf032a080d605207b049e229', NULL),
(1988, 21, 'R133559826', '2BACSPF-1', 'Mouldy', 'Khouloud', 'Femme', NULL, NULL, 'R133559826', 'R133559826', NULL, NULL, '2022/2023', NULL, 'aa248ea0059b38cdc6684806f8ab3442', NULL),
(1989, 22, 'R133917934', '2BACSPF-1', 'RIANI', 'youness', 'Homme', NULL, NULL, 'R133917934', 'R133917934', NULL, NULL, '2022/2023', NULL, 'ebb1e2c9a4905f6d0ba36a86dabb2b56', NULL),
(1990, 23, 'R134420123', '2BACSPF-1', 'NABBACH', 'MARYAM', 'Femme', NULL, NULL, 'R134420123', 'R134420123', NULL, NULL, '2022/2023', NULL, '9ce0f3f404bea17651e6d35a7df88297', NULL),
(1991, 24, 'R134441614', '2BACSPF-1', 'SAKI', 'Fatima ezzahra', 'Femme', NULL, NULL, 'R134441614', 'R134441614', NULL, NULL, '2022/2023', NULL, '42f2728fb91ce0f8489eee5a360ec238', NULL),
(1992, 25, 'R134688389', '2BACSPF-1', 'ABDELOUARITH', 'SOUFIANE', 'Homme', NULL, NULL, 'R134688389', 'R134688389', NULL, NULL, '2022/2023', NULL, '309d15bad5fe122c6307fa62dd83bf65', NULL),
(1993, 26, 'R134931893', '2BACSPF-1', 'HIYANE', 'MOHAMMED', 'Homme', NULL, NULL, 'R134931893', 'R134931893', NULL, NULL, '2022/2023', NULL, 'e03a00491f3a37c352b129ca0021828a', NULL),
(1994, 27, 'R135535851', '2BACSPF-1', 'SOUADI', 'MARWA', 'Femme', NULL, NULL, 'R135535851', 'R135535851', NULL, NULL, '2022/2023', NULL, '1003bac6964b90a30057610bd08a47f8', NULL),
(1995, 28, 'R136439480', '2BACSPF-1', 'AKRIM', 'ACHRAF', 'Homme', NULL, NULL, 'R136439480', 'R136439480', NULL, NULL, '2022/2023', NULL, 'c9c2b42019c3acedcd0002bf8489595a', NULL),
(1996, 29, 'R136439491', '2BACSPF-1', 'BENABID', 'DOUAE', 'Femme', NULL, NULL, 'R136439491', 'R136439491', NULL, NULL, '2022/2023', NULL, '97051acefa52dcc9e464ccd6c9485130', NULL),
(1997, 30, 'R136468983', '2BACSPF-1', 'SAISSI HASSANI', 'MANAL', 'Femme', NULL, NULL, 'R136468983', 'R136468983', NULL, NULL, '2022/2023', NULL, '0a99ab26cc676884eec89c493f3a3413', NULL),
(1998, 31, 'R137432422', '2BACSPF-1', 'HAYL', 'ZINEB', 'Femme', NULL, NULL, 'R137432422', 'R137432422', NULL, NULL, '2022/2023', NULL, 'b8d97f242c8b648e47682a8a65f2d847', NULL),
(1999, 32, 'R138530307', '2BACSPF-1', 'FTOUHI', 'OTHMANE', 'Homme', NULL, NULL, 'R138530307', 'R138530307', NULL, NULL, '2022/2023', NULL, '34d48ccff96353c36ed02ec29104ef52', NULL),
(2000, 33, 'R139425229', '2BACSPF-1', 'BAHTI', 'Aya', 'Femme', NULL, NULL, 'R139425229', 'R139425229', NULL, NULL, '2022/2023', NULL, 'aa02011bd861fc045731351b0be84fe2', NULL),
(2001, 34, 'R139530321', '2BACSPF-1', 'ALAMI CHENTOUFI', 'AYMAN', 'Homme', NULL, NULL, 'R139530321', 'R139530321', NULL, NULL, '2022/2023', NULL, 'c15c98b2d6b819897fcc6a1cf871eca5', NULL),
(2002, 35, 'R145036483', '2BACSPF-1', 'EZZAHER', 'NAJIB', 'Homme', NULL, NULL, 'R145036483', 'R145036483', NULL, NULL, '2022/2023', NULL, '43b64e93378bb8425498f8dd7b3098a9', NULL),
(2003, 36, 'R132838452', '2BACSPF-1', 'MOUDIR', 'MAJDOULINE', 'Femme', NULL, NULL, 'R132838452', 'R132838452', NULL, NULL, '2022/2023', NULL, 'c9a6be7a0f98e81d70570d3ad5df350c', NULL),
(2004, 37, 'R139382822', '2BACSPF-1', 'KORAICHI', 'Khalil ', 'Homme', NULL, NULL, 'R139382822', 'R139382822', NULL, NULL, '2022/2023', NULL, '20c4b92544888ec362e9d2a0414c4376', NULL),
(2005, 38, 'R140036407', '2BACSPF-1', 'RIDA CHAFI', 'ANAS', 'Homme', NULL, NULL, 'R140036407', 'R140036407', NULL, NULL, '2022/2023', NULL, 'b9e0014f564a0c3c542716f4bc2e6b92', NULL),
(2006, 39, 'R130195188', '2BACSPF-1', 'MAHILI', 'RIM', 'Femme', NULL, NULL, 'R130195188', 'R130195188', NULL, NULL, '2022/2023', NULL, '422d50cbcda6dc1ddd04fcec836c9213', NULL),
(2007, 0, '', '2BACSPF-1', '', '', '', NULL, NULL, '', '', NULL, NULL, '2022/2023', NULL, 'd41d8cd98f00b204e9800998ecf8427e', NULL),
(2008, 1, 'D136775612', '2BACSPF-2', 'AIT AMJOUD', 'YOUNESS', 'Homme', NULL, NULL, 'D136775612', 'D136775612', NULL, NULL, '2022/2023', NULL, '8f1aaec507f8e3d112bbcf727d23a686', NULL),
(2009, 2, 'R120029217', '2BACSPF-2', 'LYACHÄ', 'RAYANE', 'Homme', NULL, NULL, 'R120029217', 'R120029217', NULL, NULL, '2022/2023', NULL, '34ce761f42923546fae7693ccfe62c3c', NULL),
(2010, 3, 'R120043466', '2BACSPF-2', 'JMIL', 'IHSSANE', 'Femme', NULL, NULL, 'R120043466', 'R120043466', NULL, NULL, '2022/2023', NULL, '96275557699a6d3916c674622f7387df', NULL),
(2011, 4, 'R120050724', '2BACSPF-2', 'BOUKAR', 'ILYASS', 'Homme', NULL, NULL, 'R120050724', 'R120050724', NULL, NULL, '2022/2023', NULL, '715d2f5cf4a5a81f18e9baf982c7bfff', NULL),
(2012, 5, 'R120083857', '2BACSPF-2', 'KHARDI', 'KHADIJA', 'Femme', NULL, NULL, 'R120083857', 'R120083857', NULL, NULL, '2022/2023', NULL, '56f195e223bf0ecf7ab9be1a038f59de', NULL),
(2013, 6, 'R130016346', '2BACSPF-2', 'DAHMANI', 'SALAHEDDINE', 'Homme', NULL, NULL, 'R130016346', 'R130016346', NULL, NULL, '2022/2023', NULL, 'b0c0f7dddee7d93af9214fa0fffc2e85', NULL),
(2014, 7, 'R130036172', '2BACSPF-2', 'HIJAB', 'DOUNIA', 'Femme', NULL, NULL, 'R130036172', 'R130036172', NULL, NULL, '2022/2023', NULL, '36c8a70ba007d07cbc7fecfa75a49198', NULL),
(2015, 8, 'R130125483', '2BACSPF-2', 'MOUIS', 'SALIMA', 'Femme', NULL, NULL, 'R130125483', 'R130125483', NULL, NULL, '2022/2023', NULL, 'c609ba6df6d141bdc167a5732d7376e6', NULL),
(2016, 9, 'R130161369', '2BACSPF-2', 'BYAZ', 'AYA', 'Femme', NULL, NULL, 'R130161369', 'R130161369', NULL, NULL, '2022/2023', NULL, '3f6424677fab6ee52053eb8889e0cad6', NULL),
(2017, 10, 'R130162867', '2BACSPF-2', 'NAIT HAMMOU', 'SAFAE', 'Femme', NULL, NULL, 'R130162867', 'R130162867', NULL, NULL, '2022/2023', NULL, 'e7351a095119d29ae01dcc4ac1480f8b', NULL),
(2018, 11, 'R130688115', '2BACSPF-2', 'CHAJAI', 'ABDELGHAFOUR', 'Homme', NULL, NULL, 'R130688115', 'R130688115', NULL, NULL, '2022/2023', NULL, '63c43575da678f70c2fb3beec100dc48', NULL),
(2019, 12, 'R131570512', '2BACSPF-2', 'BOURHIL', 'Hafsa', 'Femme', NULL, NULL, 'R131570512', 'R131570512', NULL, NULL, '2022/2023', NULL, '0207dd5cd9935e8ca782895ed93ddabc', NULL),
(2020, 13, 'R131845543', '2BACSPF-2', 'belhatti', 'yahya', 'Homme', NULL, NULL, 'R131845543', 'R131845543', NULL, NULL, '2022/2023', NULL, '9ce01c9fc3d4590527ce085b91250aaf', NULL),
(2021, 14, 'R132432423', '2BACSPF-2', 'ANADDAM', 'MARYEM', 'Femme', NULL, NULL, 'R132432423', 'R132432423', NULL, NULL, '2022/2023', NULL, '77e060e2a8cf38506a038ffe203b1a89', NULL),
(2022, 15, 'R133617386', '2BACSPF-2', 'JAMIL', 'SAFAA', 'Femme', NULL, NULL, 'R133617386', 'R133617386', NULL, NULL, '2022/2023', NULL, 'a2ccb50309f9493e12722d3a92dab0fd', NULL),
(2023, 16, 'R134304302', '2BACSPF-2', 'HILAL', 'HABIBA', 'Femme', NULL, NULL, 'R134304302', 'R134304302', NULL, NULL, '2022/2023', NULL, 'f9c2647bb8f7c34f8c7ac7298bb18922', NULL),
(2024, 17, 'R135838760', '2BACSPF-2', 'SABHI', 'INES', 'Femme', NULL, NULL, 'R135838760', 'R135838760', NULL, NULL, '2022/2023', NULL, '86090865b7a72328f37cd9852edab3d4', NULL),
(2025, 18, 'R136439492', '2BACSPF-2', 'KADMIRI', 'MOHAMED', 'Homme', NULL, NULL, 'R136439492', 'R136439492', NULL, NULL, '2022/2023', NULL, '2d1c685044aa448372c32c68a2960ae7', NULL),
(2026, 19, 'R136910549', '2BACSPF-2', 'WISSAAL', 'ALJEM', 'Femme', NULL, NULL, 'R136910549', 'R136910549', NULL, NULL, '2022/2023', NULL, '851602a3406e6a12121ed4bdd8234b4b', NULL),
(2027, 20, 'R137206144', '2BACSPF-2', 'El Farr', 'Houssam eddine', 'Homme', NULL, NULL, 'R137206144', 'R137206144', NULL, NULL, '2022/2023', NULL, 'a7407aee508539eac4d8e5b21ba7d2b3', NULL),
(2028, 21, 'R137587672', '2BACSPF-2', 'DAIJOU', 'SALMA', 'Femme', NULL, NULL, 'R137587672', 'R137587672', NULL, NULL, '2022/2023', NULL, '12a7588a2c6d5ac40e6e20c298961e3c', NULL),
(2029, 22, 'R138826268', '2BACSPF-2', 'ELKASS', 'Aya', 'Femme', NULL, NULL, 'R138826268', 'R138826268', NULL, NULL, '2022/2023', NULL, '17a7a5070cad2bc30e6a96ad1ce24d3e', NULL),
(2030, 23, 'R138917929', '2BACSPF-2', 'kamal', 'imane', 'Femme', NULL, NULL, 'R138917929', 'R138917929', NULL, NULL, '2022/2023', NULL, '23d21ae42906d8922231818c4f9839f0', NULL),
(2031, 24, 'R139378583', '2BACSPF-2', 'CHELHI', 'Hiba', 'Femme', NULL, NULL, 'R139378583', 'R139378583', NULL, NULL, '2022/2023', NULL, 'ddeb178b3c1b52ece94d19983400d70a', NULL),
(2032, 25, 'R139447921', '2BACSPF-2', 'kabal', 'aya', 'Femme', NULL, NULL, 'R139447921', 'R139447921', NULL, NULL, '2022/2023', NULL, '88931710fbf5e360a1262111dbe24afa', NULL),
(2033, 26, 'R139479139', '2BACSPF-2', 'EL HACHIMI', 'YASSER', 'Homme', NULL, NULL, 'R139479139', 'R139479139', NULL, NULL, '2022/2023', NULL, '513b1ef668e1766364a4c31a7d582611', NULL),
(2034, 27, 'R139608764', '2BACSPF-2', 'AIT LMAHJOUB', 'IKRAM', 'Femme', NULL, NULL, 'R139608764', 'R139608764', NULL, NULL, '2022/2023', NULL, '0f2d0b2d3344380c1c5b601b057293b4', NULL),
(2035, 28, 'R139943652', '2BACSPF-2', 'BENSULTANA', 'AYOUB', 'Homme', NULL, NULL, 'R139943652', 'R139943652', NULL, NULL, '2022/2023', NULL, 'aaafc2d62458f46df1ecdb954ed457b5', NULL),
(2036, 29, 'R140037526', '2BACSPF-2', 'IBKANE', 'SOULAIMAN', 'Homme', NULL, NULL, 'R140037526', 'R140037526', NULL, NULL, '2022/2023', NULL, 'cace3b8c69291b9c7ba7802be4efcb56', NULL),
(2037, 30, 'R142081427', '2BACSPF-2', 'lbwirat', 'Chaimaa', 'Femme', NULL, NULL, 'R142081427', 'R142081427', NULL, NULL, '2022/2023', NULL, '97172112c801ccbed8db215ba1d90cd7', NULL),
(2038, 31, 'R143074040', '2BACSPF-2', 'SNINA', 'AMIRA', 'Femme', NULL, NULL, 'R143074040', 'R143074040', NULL, NULL, '2022/2023', NULL, '0abc72c4402e775410e2dd155ed82d29', NULL),
(2039, 32, 'R144063230', '2BACSPF-2', 'BELGARRAB', 'LOUAI', 'Homme', NULL, NULL, 'R144063230', 'R144063230', NULL, NULL, '2022/2023', NULL, '759a2a96de318c646f0efe36a0a70ad5', NULL),
(2040, 33, 'R145125170', '2BACSPF-2', 'SAAD', 'NISSRINE', 'Femme', NULL, NULL, 'R145125170', 'R145125170', NULL, NULL, '2022/2023', NULL, '9b85c4dbad14de0ba6330d4ebc94785c', NULL),
(2041, 34, 'R147027221', '2BACSPF-2', 'HAIMOUD', 'ASSIA', 'Femme', NULL, NULL, 'R147027221', 'R147027221', NULL, NULL, '2022/2023', NULL, '4a8a1e556167ba36bfbc625e05e46a75', NULL),
(2042, 35, 'R147110156', '2BACSPF-2', 'LAFKIRI', 'HAJAR', 'Femme', NULL, NULL, 'R147110156', 'R147110156', NULL, NULL, '2022/2023', NULL, '4d207df6869acb8ecf28227acb37304e', NULL),
(2043, 36, 'R148110374', '2BACSPF-2', 'ELAZAOUI', 'AYA', 'Femme', NULL, NULL, 'R148110374', 'R148110374', NULL, NULL, '2022/2023', NULL, 'e6c533a79d712c0be88b6073ba11c1f3', NULL),
(2044, 0, '', '2BACSPF-2', '', '', '', NULL, NULL, '', '', NULL, NULL, '2022/2023', NULL, 'd41d8cd98f00b204e9800998ecf8427e', NULL);

-- --------------------------------------------------------

--
-- Structure de la table `teacher`
--

CREATE TABLE `teacher` (
  `id` int(11) NOT NULL,
  `name` varchar(40) CHARACTER SET latin1 COLLATE latin1_swedish_ci NOT NULL,
  `email` varchar(30) CHARACTER SET latin1 COLLATE latin1_swedish_ci NOT NULL,
  `contact` varchar(13) CHARACTER SET latin1 COLLATE latin1_swedish_ci NOT NULL,
  `gender` varchar(7) CHARACTER SET latin1 COLLATE latin1_swedish_ci NOT NULL,
  `password` varchar(20) CHARACTER SET latin1 COLLATE latin1_swedish_ci NOT NULL,
  `address` varchar(255) CHARACTER SET latin1 COLLATE latin1_swedish_ci NOT NULL,
  `image` varchar(60) CHARACTER SET latin1 COLLATE latin1_swedish_ci NOT NULL,
  `Matricule` varchar(12) CHARACTER SET latin1 COLLATE latin1_swedish_ci NOT NULL,
  `idMatier` int(10) NOT NULL
) ENGINE=MyISAM DEFAULT CHARSET=utf8 COLLATE=utf8_general_ci;

--
-- Déchargement des données de la table `teacher`
--

INSERT INTO `teacher` (`id`, `name`, `email`, `contact`, `gender`, `password`, `address`, `image`, `Matricule`, `idMatier`) VALUES
(57, 'Houda Mounir', 'Houdaaziz1975@gmail.com', '061091', 'Femme', 'vfqwi9j', '0610910605', '', '0000', 12),
(56, 'Mohamed Rachidi', 'M.rachiidi@gmail.com', '06 59 69 01 2', 'Homme', '3hl7smc', 'Houda sidi moumen ', '77CD4170-6A47-41CC-A09E-53B729C62A87.jpeg', '1913785', 11),
(55, 'Milouda elbiad', 'Miloudaelbiad@gmail.com', '', '', '7baqune', '', '', '', 0),
(54, 'Goudou Mohammed Amine', 'goudougma@gmail.com', '', '', 'tuc7hly', '', '', '', 0),
(53, 'Barfete@hotmail.com', 'Ishaq', '', '', 'q50l2bf', '', '', '', 0),
(52, 'EL BAKITI Karima', 'karima.elbakiti@gmail.com', '0627786280', 'Femme', 'Alpha1234', 'belvédère Casablanca', '', '2223483', 11),
(51, 'Nadia Elmouna', 'Nadia.Elmouna1@gmail.com', '', '', 'OLsxJUe', '', '', '', 0),
(50, 'Tahiri abdelmajid', 'tahiri.abdelmajid90@gmail.com', '0615611681', 'Homme', 'uH6kDFU', 'Casablanca ', '', '1757114', 3),
(44, 'Abdelhak FADILI', 'fadili101@gmail.com', '0673697101', 'Homme', 'azerty', 'Casablanca', '', '1718113', 9),
(47, 'Chifa Nawal', 'nawal.chifa@gmail.com', '0', 'Homme', 'azerty', 'Rue', '', '1', 9),
(49, 'amil fattah', 'fattah.ptech2020@gmail.com', '000000', 'Homme', '9bupWY2', 'dfsdfsfdd', '', '1233', 11),
(45, 'Salima essafi', 'salima-ess@hotmail.fr', '0644870448', 'Femme', 'ishaq2019', 'Ibn ghazala', '', '1692205', 2),
(48, 'Sabri khalid', 'sabri.emi@gmail.com', '0620200148', 'Homme', 'Cma3KgA', 'uiyui', '', '1410699', 9),
(46, 'Nawal Chifa', 'c.nawal05@gmail.com', '0662568396', 'Femme', 'XwiRyIj', 'Bd Ibn tachefin résidence abra', '', '1284753', 9),
(38, 'BEN ABBOU MOHAMED', 'benabbou.med77@gmail.com', '', '', 'Yu1VJMl', '', '', '', 0),
(39, 'Samadi Abderrazzak', 'samadi.abdo@gmail.com', '0', 'Homme', 'A2jSHo5', 'rue', '', '0', 9),
(58, 'Mourad zraidi', 'Zraidimourad@gmail.com', '0642526282', 'Homme', 'Cmorad12', 'Mohammedia', '', '1409686', 9),
(59, 'Nadia Elmouna', 'Nadia. Elmouna@gmail.com', '', '', 'b9rq8tl', '', '', '', 0),
(60, 'Nadia Elmouna', 'Nadia. Elmouna1@gmail.com', '', '', 'p675hsr', '', '', '', 0),
(61, 'Nouhaila Sidiali', 'sidialinouhaila@gmail.com', '+212671174301', 'Femme', 'v20efiq', 'Casablanca sidi moumen', '', '1913783', 1);

-- --------------------------------------------------------

--
-- Doublure de structure pour la vue `tst`
-- (Voir ci-dessous la vue réelle)
--
CREATE TABLE `tst` (
`idclasse` int(11)
,`idMatiere` int(11)
,`idTeacher` int(11)
);

-- --------------------------------------------------------

--
-- Structure de la vue `tst`
--
DROP TABLE IF EXISTS `tst`;

CREATE ALGORITHM=UNDEFINED DEFINER=`mowadaba`@`localhost` SQL SECURITY DEFINER VIEW `tst`  AS SELECT `class_teacher`.`idclasse` AS `idclasse`, `class_teacher`.`idMatiere` AS `idMatiere`, `class_teacher`.`idTeacher` AS `idTeacher` FROM `class_teacher` ;

--
-- Index pour les tables déchargées
--

--
-- Index pour la table `absence`
--
ALTER TABLE `absence`
  ADD PRIMARY KEY (`id`),
  ADD KEY `fk_matiere` (`idMatiere`),
  ADD KEY `rollno` (`rollno`) USING BTREE,
  ADD KEY `idTeacher` (`idTeacher`);

--
-- Index pour la table `acdemie`
--
ALTER TABLE `acdemie`
  ADD PRIMARY KEY (`IdAcademie`);

--
-- Index pour la table `admin`
--
ALTER TABLE `admin`
  ADD PRIMARY KEY (`id`),
  ADD KEY `idEtab` (`idEtab`);

--
-- Index pour la table `classes`
--
ALTER TABLE `classes`
  ADD PRIMARY KEY (`idclasse`);

--
-- Index pour la table `class_teacher`
--
ALTER TABLE `class_teacher`
  ADD PRIMARY KEY (`id_clte`);

--
-- Index pour la table `course`
--
ALTER TABLE `course`
  ADD PRIMARY KEY (`course_id`);

--
-- Index pour la table `eleve`
--
ALTER TABLE `eleve`
  ADD PRIMARY KEY (`CodeMassarElv`),
  ADD KEY `IdP` (`IdP`);

--
-- Index pour la table `etablissement`
--
ALTER TABLE `etablissement`
  ADD PRIMARY KEY (`IdEtab`);

--
-- Index pour la table `follow`
--
ALTER TABLE `follow`
  ADD PRIMARY KEY (`id`);

--
-- Index pour la table `followings`
--
ALTER TABLE `followings`
  ADD PRIMARY KEY (`id`);

--
-- Index pour la table `follows`
--
ALTER TABLE `follows`
  ADD PRIMARY KEY (`id`);

--
-- Index pour la table `matier`
--
ALTER TABLE `matier`
  ADD PRIMARY KEY (`idMatiere`);

--
-- Index pour la table `parent`
--
ALTER TABLE `parent`
  ADD PRIMARY KEY (`IdP`);

--
-- Index pour la table `pfe`
--
ALTER TABLE `pfe`
  ADD PRIMARY KEY (`id_pfe`);

--
-- Index pour la table `posts`
--
ALTER TABLE `posts`
  ADD PRIMARY KEY (`post_id`);

--
-- Index pour la table `students`
--
ALTER TABLE `students`
  ADD PRIMARY KEY (`id`);

--
-- Index pour la table `teacher`
--
ALTER TABLE `teacher`
  ADD PRIMARY KEY (`id`),
  ADD KEY `fk_matiere` (`idMatier`);

--
-- AUTO_INCREMENT pour les tables déchargées
--

--
-- AUTO_INCREMENT pour la table `absence`
--
ALTER TABLE `absence`
  MODIFY `id` int(11) NOT NULL AUTO_INCREMENT, AUTO_INCREMENT=671;

--
-- AUTO_INCREMENT pour la table `acdemie`
--
ALTER TABLE `acdemie`
  MODIFY `IdAcademie` int(11) NOT NULL AUTO_INCREMENT;

--
-- AUTO_INCREMENT pour la table `admin`
--
ALTER TABLE `admin`
  MODIFY `id` int(11) NOT NULL AUTO_INCREMENT, AUTO_INCREMENT=8;

--
-- AUTO_INCREMENT pour la table `classes`
--
ALTER TABLE `classes`
  MODIFY `idclasse` int(11) NOT NULL AUTO_INCREMENT, AUTO_INCREMENT=164;

--
-- AUTO_INCREMENT pour la table `class_teacher`
--
ALTER TABLE `class_teacher`
  MODIFY `id_clte` int(11) NOT NULL AUTO_INCREMENT, AUTO_INCREMENT=135;

--
-- AUTO_INCREMENT pour la table `course`
--
ALTER TABLE `course`
  MODIFY `course_id` int(11) NOT NULL AUTO_INCREMENT, AUTO_INCREMENT=64;

--
-- AUTO_INCREMENT pour la table `etablissement`
--
ALTER TABLE `etablissement`
  MODIFY `IdEtab` int(11) NOT NULL AUTO_INCREMENT, AUTO_INCREMENT=2;

--
-- AUTO_INCREMENT pour la table `follow`
--
ALTER TABLE `follow`
  MODIFY `id` int(11) NOT NULL AUTO_INCREMENT;

--
-- AUTO_INCREMENT pour la table `followings`
--
ALTER TABLE `followings`
  MODIFY `id` int(11) NOT NULL AUTO_INCREMENT;

--
-- AUTO_INCREMENT pour la table `follows`
--
ALTER TABLE `follows`
  MODIFY `id` int(11) NOT NULL AUTO_INCREMENT;

--
-- AUTO_INCREMENT pour la table `parent`
--
ALTER TABLE `parent`
  MODIFY `IdP` int(11) NOT NULL AUTO_INCREMENT, AUTO_INCREMENT=60;

--
-- AUTO_INCREMENT pour la table `pfe`
--
ALTER TABLE `pfe`
  MODIFY `id_pfe` int(11) NOT NULL AUTO_INCREMENT, AUTO_INCREMENT=32;

--
-- AUTO_INCREMENT pour la table `posts`
--
ALTER TABLE `posts`
  MODIFY `post_id` int(11) NOT NULL AUTO_INCREMENT;

--
-- AUTO_INCREMENT pour la table `students`
--
ALTER TABLE `students`
  MODIFY `id` int(11) NOT NULL AUTO_INCREMENT, AUTO_INCREMENT=2046;

--
-- AUTO_INCREMENT pour la table `teacher`
--
ALTER TABLE `teacher`
  MODIFY `id` int(11) NOT NULL AUTO_INCREMENT, AUTO_INCREMENT=62;
COMMIT;

/*!40101 SET CHARACTER_SET_CLIENT=@OLD_CHARACTER_SET_CLIENT */;
/*!40101 SET CHARACTER_SET_RESULTS=@OLD_CHARACTER_SET_RESULTS */;
/*!40101 SET COLLATION_CONNECTION=@OLD_COLLATION_CONNECTION */;
